Job #,Release #,Job,Description,Fab Hrs,Install HRS,Paint color,PM,BY,Released,Fab Order,Cut start,Fitup comp,Welded,Paint Comp,Ship,Start install,Comp. ETA,Job Comp,Invoiced,Notes,start_install_formula,start_install_formulaTF
320,843,Thompson Thrift - Landing at Lemay,CO#05 Balcony Gates,21.0,20.0,Factory Black,DR,CBA,2025-10-09,1.0,X,X,X,X,X,2026-03-05,2026-03-06,0.75,,At shop,"=WORKDAY(Table1[[#This Row],[Projected fab comp]],3,)",True
320,245,Thompson Thrift - Landing at Lemay,Building 17 Patio & Balcony Ultralox Rails Sheet 1 of 2,10.0204,116.6204,Factory Black,DR,CBA,2026-01-20,1.0,X,X,X,X,X,2026-03-05,2026-03-16,0.5,,1st Target 2nd week of feb install,"=WORKDAY(Table1[[#This Row],[Projected fab comp]],3,)",True
320,888,Thompson Thrift - Landing at Lemay,Building 14 Patio & Balcony Ultralox Rails P1 of 2,5.978400000000001,69.5784,Factory Black,DR,CBA,2025-11-06,1.0,X,X,X,X,X,2026-03-05,2026-03-11,0.95,0.85,,"=WORKDAY(Table1[[#This Row],[Projected fab comp]],3,)",True
340,419,AMLI - Littleton Village II,Garage Bollards,18.0,18.0,Safety Yellow,DR,DCR,2025-05-14,1.0,X,X,X,X,X,2026-03-05,2026-03-06,O,MFP,Waiting on concrete,"=WORKDAY(Table1[[#This Row],[Projected fab comp]],3,)",True
340,117,AMLI - Littleton Village II,Commercial Awnings,116.0,336.0,Red Oxide Primed,DR,DCR,2025-12-02,1.0,X,X,X,X,X,2026-01-08,2026-02-06,0.95,MFP, decking is here,,False
340,225,AMLI - Littleton Village II,Roof Amenity Trellis,17.2,18.7,Primed Finish ,DR,RJA,2026-01-13,1.0,X,X,X,X,X,2026-03-05,2026-03-06,0.75,,QC Done,"=WORKDAY(Table1[[#This Row],[Projected fab comp]],3,)",True
530,901,Shaw - East Oak Townhomes,Structural Steel Columns and Beams,75.8,117.9,Red Oxide Prime,DR,DTS,2025-11-07,1.0,X,X,X,X,X,2025-12-05,2025-12-16,0.5,0.5,6 moment frames 100% complete,,False
190,168,Hinton - Metro Center,Bld 4 Ramp Rail,23.5,22.0,Railing Black,GA,DCR,2025-06-03,1.0,X,X,X,X,X,2026-03-05,2026-03-06,0.5,MFP,,"=WORKDAY(Table1[[#This Row],[Projected fab comp]],3,)",True
190,881,Hinton - Metro Center,Pool Fence,64.875,64.875,Railing Black,GA,DCR,2025-12-02,1.0,X,X,X,X,X,2025-12-21,2025-12-25,0.9,MFP,HOT,,False
190,236,Hinton - Metro Center,Bld 5 Roof Access Ladder,0.0,6.5,Red Oxide Primed,GA,DCR,2025-12-23,1.0,X,X,X,X,X,2026-03-05,2026-03-05,O,,,"=WORKDAY(Table1[[#This Row],[Projected fab comp]],3,)",True
190,167,Hinton - Metro Center,Stair Core 4B,64.178,63.400000000000006,Red Oxide Primed,GA,DCR,2024-12-23,1.0,X,X,X,X,X,2026-03-05,2026-03-10,0.9,0.9,All but WHR,"=WORKDAY(Table1[[#This Row],[Projected fab comp]],3,)",True
190,278,Hinton - Metro Center,Stair Core 4A,63.928399999999996,61.650000000000006,Red Oxide Primed,GA,DCR,2025-02-28,1.0,X,X,X,X,X,2026-03-05,2026-03-10,0.9,0.9,All but WHR,"=WORKDAY(Table1[[#This Row],[Projected fab comp]],3,)",True
190,320,Hinton - Metro Center,Stair Core 5A,83.804,82.65,Red Oxide Primed,GA,DCR,2025-03-18,1.0,X,X,X,X,X,2026-03-05,2026-03-12,0.9,0.9,All but WHR,"=WORKDAY(Table1[[#This Row],[Projected fab comp]],3,)",True
190,337,Hinton - Metro Center,Stair Core 5B,83.804,82.65,Red Oxide Primed,GA,DCR,2025-03-28,1.0,X,X,X,X,X,2026-03-05,2026-03-12,0.9,0.9,All but WHR,"=WORKDAY(Table1[[#This Row],[Projected fab comp]],3,)",True
370,568,Fairfield Development - Vista Highlands,Bld 10 Ultralox Remainder Balcony Rails,10.710414,50.315664,Factory Black,GA,CBA,2025-12-17,1.0,X,X,X,X,X,2026-03-05,2026-03-10,0.9,X,,"=WORKDAY(Table1[[#This Row],[Projected fab comp]],3,)",True
370,847,Fairfield Development - Vista Highlands,Bld 4 Stair 2 Rails,10.0,8.0,Railing Black ,GA,DCR,2025-10-23,1.0,X,X,X,X,X,2026-03-05,2026-03-05,O,MFP,,"=WORKDAY(Table1[[#This Row],[Projected fab comp]],3,)",True
370,850,Fairfield Development - Vista Highlands,Bld 5 Stair 1 Rails,5.0,4.0,Railing Black,GA,DCR,2025-10-20,1.0,X,X,X,X,X,2026-03-05,2026-03-05,O,MFP,,"=WORKDAY(Table1[[#This Row],[Projected fab comp]],3,)",True
370,851,Fairfield Development - Vista Highlands,Bld 5 Stair 2 Rails,5.0,4.0,Railing Black,GA,DCR,2025-10-20,1.0,X,X,X,X,X,2026-03-05,2026-03-05,O,MFP,,"=WORKDAY(Table1[[#This Row],[Projected fab comp]],3,)",True
370,263,Fairfield Development - Vista Highlands,Festoon Light Poles,19.25,22.0,Railing Black,GA,RJA,2026-01-08,1.0,X,X,X,X,X,2026-03-05,2026-03-06,O,MFP,Ready to ship,"=WORKDAY(Table1[[#This Row],[Projected fab comp]],3,)",True
370,570,Fairfield Development - Vista Highlands,Bld 11 Ultralox Remainder Balcony Rails,10.068525000000001,48.093525,Factory Black,GA,CBA,2025-12-17,1.0,X,X,X,X,X,2026-03-05,2026-03-10,0.5,MFP,,"=WORKDAY(Table1[[#This Row],[Projected fab comp]],3,)",True
370,216,Fairfield Development - Vista Highlands,Bld 4 Trash Enclosure Gates,9.0,16.0,Primed Finish ,GA,RJA,2025-12-18,1.0,X,X,X,X,X,2026-03-05,2026-03-06,O,,QC Done,"=WORKDAY(Table1[[#This Row],[Projected fab comp]],3,)",True
380,109,Brinkman - Marshall Pointe,Garage Rails,10.3125,10.0,Powder Coated Railing Black ,GA,RJA,2025-11-19,1.0,X,X,X,X,X,2026-03-05,2026-03-05,0.9,MFP,QC Done,"=WORKDAY(Table1[[#This Row],[Projected fab comp]],3,)",True
380,778,Brinkman - Marshall Pointe,Roof Canopy,37.5629,84.36456799999999,Primed Finish ,GA,RJA,2025-11-07,1.0,X,X,X,X,X,2025-12-03,2025-12-10,0.9,MFP,Painted Waiting On Clevis Assembly,,False
380,592,Brinkman - Marshall Pointe,Garage Screens,34.5,23.0,Railing Black,GA,CBA,2025-08-12,1.0,X,X,X,X,X,2026-03-05,2026-03-06,0.9,MF,QC Done Railing Black,"=WORKDAY(Table1[[#This Row],[Projected fab comp]],3,)",True
380,864,Brinkman - Marshall Pointe,North Courtyard Balcony Rails P1 of 4,26.2362,131.06119999999999,Factory Black,GA,CBA,2025-10-27,1.0,X,X,X,X,X,2025-11-17,2025-11-27,0.75,0.5,,,False
500,186,Brinkman - Novel Flatiron,Hold Down Embed Install,0.0,87.5,RAW,GA,DCR,2025-12-09,1.0,X,X,X,X,X,2026-03-05,2026-03-12,O,,,"=WORKDAY(Table1[[#This Row],[Projected fab comp]],3,)",True
170,289,Garrett -Banyan High Point,Building 3 Canopy,0.0,16.0,Red Oxide Primed,RL,CBA,2025-06-19,1.0,X,X,X,X,X,2026-03-05,2026-03-06,O,MFP,,"=WORKDAY(Table1[[#This Row],[Projected fab comp]],3,)",True
170,295,Garrett -Banyan High Point,Building 6 Canopy,0.0,16.0,Red Oxide Primed,RL,CBA,2025-06-19,1.0,X,X,X,X,X,2026-03-05,2026-03-06,O,MFP,,"=WORKDAY(Table1[[#This Row],[Projected fab comp]],3,)",True
170,627,Garrett -Banyan High Point,Light String Posts,12.0,16.0,Railing Black,RL,DCR,2025-07-29,1.0,X,X,X,X,X,2026-03-05,2026-03-06,O,MFP,QC Done,"=WORKDAY(Table1[[#This Row],[Projected fab comp]],3,)",True
170,860,Garrett -Banyan High Point,Leasing Clubhouse Rails,14.0,8.0,Railing Black,RL,DCR,2025-11-05,1.0,X,X,X,X,X,2026-03-05,2026-03-05,0.5,MF,QC Done,"=WORKDAY(Table1[[#This Row],[Projected fab comp]],3,)",True
170,123,Garrett -Banyan High Point,Bld 6 Balcony Rails,105.4875,93.75,Railing Black,RL,DCR,2025-11-14,1.0,X,X,X,X,X,2026-02-25,2026-03-04,O,,Powdered Waiting On Hardware,,False
170,144,Garrett -Banyan High Point,Bld 5 Stair A,38.702,38.1,Red Oxide Primed,RL,DCR,2024-12-06,1.0,X,X,X,X,X,2026-03-05,2026-03-09,0.9,0.9,All but WHR,"=WORKDAY(Table1[[#This Row],[Projected fab comp]],3,)",True
170,145,Garrett -Banyan High Point,Bld 5 Stair B,38.702,38.1,Red Oxide Primed,RL,DCR,2024-12-06,1.0,X,X,X,X,X,2026-03-05,2026-03-09,0.9,0.9,All but WHR,"=WORKDAY(Table1[[#This Row],[Projected fab comp]],3,)",True
170,146,Garrett -Banyan High Point,Bld 6 Stair A,38.702,38.1,Red Oxide Primed,RL,DCR,2024-12-06,1.0,X,X,X,X,X,2026-03-05,2026-03-09,0.9,0.9,All but WHR,"=WORKDAY(Table1[[#This Row],[Projected fab comp]],3,)",True
170,147,Garrett -Banyan High Point,Bld 6 Stair B,38.702,38.1,Red Oxide Primed,RL,DCR,2024-12-06,1.0,X,X,X,X,X,2026-03-05,2026-03-09,0.9,0.9,All but WHR,"=WORKDAY(Table1[[#This Row],[Projected fab comp]],3,)",True
390,328,Thompson Thrift - Heritage on Hover,Bld B East Stair Core,21.25,18.5,Ralling Black 38/81009,RL,CBA,2026-01-28,1.0,X,X,X,X,X,2026-02-13,2026-02-16,0.5,, ,,False
390,329,Thompson Thrift - Heritage on Hover,Bld B West Stair Core,21.25,18.5,Ralling Black 38/81009,RL,CBA,2026-01-28,1.0,X,X,X,X,X,2026-02-13,2026-02-16,0.5,,Need to hold 2/13 date for install,,False
400,364,Mountain West Contractors - Fieldhouse (Idaho Springs),Building 1 Stair Core 1,35.9207,34.85,Railing Black,RL,SDO,2025-04-21,1.0,X,X,X,X,X,2025-05-28,2025-05-30,0.9,0.9,All but WHR,,False
400,367,Mountain West Contractors - Fieldhouse (Idaho Springs),Building 1 Stair Core 2,43.102000000000004,41.55,Railing Black,RL,SDO,2025-04-21,1.0,X,X,X,X,X,2025-05-28,2025-05-30,0.9,0.9,All but WHR,,False
400,368,Mountain West Contractors - Fieldhouse (Idaho Springs),Building 2 Stair Core 3,53.978,52.55,Railing Black,RL,SDO,2025-04-16,1.0,X,X,X,X,X,2025-05-12,2025-05-15,0.9,0.9,All but WHR,,False
400,372,Mountain West Contractors - Fieldhouse (Idaho Springs),Building 2 Stair Core 4,61.728,59.55,Railing Black,RL,SDO,2025-04-18,1.0,X,X,X,X,X,2025-05-12,2025-05-15,0.9,0.9,All but WHR,,False
410,676,Lennar - Columnbine Square,HD Embeds Bld 2 Install,0.0,43.75,RAW,RL,DCR,2025-08-21,1.0,X,X,X,X,X,2026-03-05,2026-03-09,O,,All thread only ,"=WORKDAY(Table1[[#This Row],[Projected fab comp]],3,)",True
410,679,Lennar - Columnbine Square,HD Embeds Bld 4 Install,0.0,7.699999999999999,RAW,RL,DCR,2025-08-21,1.0,X,X,X,X,X,2026-03-05,2026-03-05,O,,,"=WORKDAY(Table1[[#This Row],[Projected fab comp]],3,)",True
410,681,Lennar - Columnbine Square,HD Embeds Bld 5 Install,0.0,29.049999999999997,RAW,RL,DCR,2025-08-21,1.0,X,X,X,X,X,2026-03-05,2026-03-06,O,,,"=WORKDAY(Table1[[#This Row],[Projected fab comp]],3,)",True
410,683,Lennar - Columnbine Square,HD Embeds Bld 6 Install,0.0,7.699999999999999,RAW,RL,DCR,2025-08-21,1.0,X,X,X,X,X,2026-03-05,2026-03-05,O,,,"=WORKDAY(Table1[[#This Row],[Projected fab comp]],3,)",True
410,256,Lennar - Columnbine Square,Bld 2 Embed Fix,70.5,141.0,Raw Finish,RL,RJA,2026-01-19,1.0,X,X,X,X,X,2026-03-05,2026-03-17,O,,QC Done,"=WORKDAY(Table1[[#This Row],[Projected fab comp]],3,)",True
410,126,Lennar - Columnbine Square,Bld 2 Stair 1,48.033,48.75,Red Oxide Primed,RL,CBA,2025-12-15,1.0,X,X,X,X,X,2026-03-05,2026-03-10,O,,QC Done,"=WORKDAY(Table1[[#This Row],[Projected fab comp]],3,)",True
410,127,Lennar - Columnbine Square,Bld 2 Stair 2,48.033,48.75,Red Oxide Primed,RL,CBA,2025-12-15,1.0,X,X,X,X,X,2026-01-16,2026-01-21,O,,QC Done,,False
410,189,Lennar - Columnbine Square,Elevator Misc Metal Bld 2,11.100000000000001,11.8,Red Oxide Primed,RL,DEP,2025-12-10,1.0,X,X,X,X,X,2025-01-16,2025-01-16,O,,Need to hold 1/16 deleivery to site. Material here,,False
410,190,Lennar - Columnbine Square,Elevator Misc Metal Bld 5,10.9,11.8,Red Oxide Primed,RL,DEP,2025-12-10,1.0,X,X,X,X,X,2026-03-05,2026-03-05,O,,QC Done,"=WORKDAY(Table1[[#This Row],[Projected fab comp]],3,)",True
410,128,Lennar - Columnbine Square,Bld 2 Stair 3,48.033,48.75,Red Oxide Primed,RL,CBA,2026-01-05,1.0,X,X,X,X,X,2026-03-05,2026-03-10,O,,QC Done,"=WORKDAY(Table1[[#This Row],[Projected fab comp]],3,)",True
410,825,Lennar - Columnbine Square,Bld 6 Retail Area Columns & Beams,20.1,25.1,1HR Intumescent Paint ,RL,RJA,2025-11-21,1.0,X,X,X,X,X,2026-02-05,2026-02-06,0.9,,Painted Waiting On Inspection 2/11,,False
410,823,Lennar - Columnbine Square,Bld 4 Retail Area Columns & Beams,20.1,25.1,Intumescent,RL,RJA,2025-12-09,1.0,X,X,X,X,X,2026-02-05,2026-02-06,0.9,,Painted Waiting On Inspection 2/11,,False
410,130,Lennar - Columnbine Square,Bld 4 Stair 2,36.3138,34.9,Red Oxide Primed,RL,CBA,2025-11-18,1.0,X,X,X,X,X,2026-03-05,2026-03-09,0.9,,All But WHR,"=WORKDAY(Table1[[#This Row],[Projected fab comp]],3,)",True
410,697,Lennar - Columnbine Square,Bld 3 Stair 1,39.9638,40.25,Red Oxide Primed,RL,CBA,2025-08-11,1.0,X,X,X,X,X,2026-03-05,2026-03-09,0.9,,All but WHR,"=WORKDAY(Table1[[#This Row],[Projected fab comp]],3,)",True
410,698,Lennar - Columnbine Square,Bld 3 Stair 2,36.3138,34.9,Red Oxide Primed,RL,CBA,2025-08-12,1.0,X,X,X,X,X,2026-03-05,2026-03-09,0.9,,All but WHR,"=WORKDAY(Table1[[#This Row],[Projected fab comp]],3,)",True
410,699,Lennar - Columnbine Square,Bld 3 Stair 3,36.3138,34.9,Red Oxide Primed,RL,CBA,2025-08-21,1.0,X,X,X,X,X,2026-03-05,2026-03-09,0.9,,All but WHR,"=WORKDAY(Table1[[#This Row],[Projected fab comp]],3,)",True
410,129,Lennar - Columnbine Square,Bld 4 Stair 1,36.3138,34.9,Red Oxide Primed,RL,CBA,2025-11-18,1.0,X,X,X,X,X,2026-03-05,2026-03-09,0.9,,All but WHR,"=WORKDAY(Table1[[#This Row],[Projected fab comp]],3,)",True
410,106,Lennar - Columnbine Square,Bld 1 Stair 1,36.3138,34.9,Red Oxide Primed,RL,CBA,2025-11-10,1.0,X,X,X,X,X,2025-12-05,2025-12-09,0.9,0.9,All but WHR,,False
410,107,Lennar - Columnbine Square,Bld 1 Stair 2,36.3138,34.9,Red Oxide Primed,RL,CBA,2025-11-10,1.0,X,X,X,X,X,2025-12-05,2025-12-09,0.9,0.9,All but WHR,,False
410,108,Lennar - Columnbine Square,Bld 1 Stair 3,36.3138,34.9,Red Oxide Primed,RL,CBA,2025-11-10,1.0,X,X,X,X,X,2025-12-05,2025-12-09,0.9,0.9,All but WHR,,False
440,686,Evergreen - Outlook Green Valley Ranch,Bld 9 Stair Core 1 Type B2,27.933300000000003,28.8,Railing Black,RL,DCR,2025-08-05,1.0,X,X,X,X,X,2025-12-10,2025-12-11,0.9,MFP,All but WHR,,False
440,687,Evergreen - Outlook Green Valley Ranch,Bld 9 Stair Core 2 Type B2,28.3146,29.25,Railing Black,RL,DCR,2025-08-05,1.0,X,X,X,X,X,2025-12-10,2025-12-11,0.9,MFP,All but WHR,,False
440,758,Evergreen - Outlook Green Valley Ranch,Planter Trellis,24.0,16.0,Railing Black,RL,DCR,2025-09-12,1.0,X,X,X,X,X,2026-03-05,2026-03-06,0.5,MFP,2 more behind bld 5,"=WORKDAY(Table1[[#This Row],[Projected fab comp]],3,)",True
440,907,Evergreen - Outlook Green Valley Ranch,Bld 5 Ultralox Remaing Install P1 of 2,6.6787,72.74119999999999,Factory Black,RL,CBA,2025-12-01,1.0,X,X,X,X,X,2026-01-13,2026-01-19,0.9,MF,Need to hold the 13th as start install,,False
440,176,Evergreen - Outlook Green Valley Ranch,Bld 2&5 Stair Wings,2.5,1.0,Railing Black,RL,DCR,2025-12-03,1.0,X,X,X,X,X,2026-03-05,2026-03-05,O,,Need to find these or rebuild them Missing in Action,"=WORKDAY(Table1[[#This Row],[Projected fab comp]],3,)",True
440,211,Evergreen - Outlook Green Valley Ranch,Bld 11 Ultralox Post install,6.6787,4.9875,Factory Black,RL,CBA,2025-12-16,1.0,X,X,X,X,X,2026-03-05,2026-03-05,O,,,"=WORKDAY(Table1[[#This Row],[Projected fab comp]],3,)",True
440,212,Evergreen - Outlook Green Valley Ranch,Bld 12 Ultralox Post install,6.6787,3.4912499999999995,Factory Black,RL,CBA,2025-12-16,1.0,X,X,X,X,X,2026-03-05,2026-03-05,O,,"MIA onsite, can we make more 48"" posts ","=WORKDAY(Table1[[#This Row],[Projected fab comp]],3,)",True
440,197,Evergreen - Outlook Green Valley Ranch,Bld 2 Utility Room Gates,6.0,6.0,Railing Black,RL,DCR,2026-01-20,1.0,X,X,X,X,X,2026-02-13,2026-02-13,O,,QC Done,,False
440,670,Evergreen - Outlook Green Valley Ranch,Bld 10 Stair Core 1 Type A2,27.933300000000003,28.8,Railing Black,RL,DCR,2025-08-05,1.0,X,X,X,X,X,2026-03-05,2026-03-06,0.9,0.9,QC Done,"=WORKDAY(Table1[[#This Row],[Projected fab comp]],3,)",True
440,623,Evergreen - Outlook Green Valley Ranch,Bld 2 Stair Core 1 Type B1,28.3146,29.25,Railing Black,RL,DCR,2025-07-24,1.0,X,X,X,X,X,2025-08-12,2025-08-13,0.9,0.9,1st/ This date can't push out/ elevation confirmed onsite ,,False
440,624,Evergreen - Outlook Green Valley Ranch,Bld 2 Stair Core 2 Type B1 (reliance treads),27.933300000000003,28.8,Railing Black,RL,DCR,2025-07-24,1.0,X,X,X,X,X,2025-08-12,2025-08-13,0.9,0.9,1st/ This date can't push out/ elevation confirmed onsite,,False
440,625,Evergreen - Outlook Green Valley Ranch,Bld 5 Stair Core 1 Type B2,27.933300000000003,28.8,Railing Black,RL,DCR,2025-07-24,1.0,X,X,X,X,X,2026-03-05,2026-03-06,0.9,0.9,QC Done,"=WORKDAY(Table1[[#This Row],[Projected fab comp]],3,)",True
440,626,Evergreen - Outlook Green Valley Ranch,Bld 5 Stair Core 2 Type B2,28.3146,29.25,Railing Black,RL,DCR,2025-07-24,1.0,X,X,X,X,X,2026-03-05,2026-03-06,0.9,0.9,All but WHR,"=WORKDAY(Table1[[#This Row],[Projected fab comp]],3,)",True
440,655,Evergreen - Outlook Green Valley Ranch,Bld 6 Stair Core 1 Type B1,28.3146,29.25,Railing Black,RL,DCR,2025-07-31,1.0,X,X,X,X,X,2026-03-05,2026-03-06,0.9,0.9,All but WHR,"=WORKDAY(Table1[[#This Row],[Projected fab comp]],3,)",True
440,656,Evergreen - Outlook Green Valley Ranch,Bld 6 Stair Core 2 Type B1,27.933300000000003,28.8,Railing Black,RL,DCR,2025-07-31,1.0,X,X,X,X,X,2026-03-05,2026-03-06,0.9,0.9,All but WHR,"=WORKDAY(Table1[[#This Row],[Projected fab comp]],3,)",True
440,657,Evergreen - Outlook Green Valley Ranch,Bld 7 Stair Core 1 Type B1,28.3146,29.25,Railing Black,RL,DCR,2025-07-31,1.0,X,X,X,X,X,2026-03-05,2026-03-06,0.9,0.9,QC Done,"=WORKDAY(Table1[[#This Row],[Projected fab comp]],3,)",True
440,658,Evergreen - Outlook Green Valley Ranch,Bld 7 Stair Core 2 Type B1,27.933300000000003,28.8,Railing Black,RL,DCR,2025-07-31,1.0,X,X,X,X,X,2026-03-05,2026-03-06,0.9,0.9,All but WHR,"=WORKDAY(Table1[[#This Row],[Projected fab comp]],3,)",True
440,659,Evergreen - Outlook Green Valley Ranch,Bld 8 Stair Core 1 Type B2,27.933300000000003,28.8,Railing Black,RL,DCR,2025-08-05,1.0,X,X,X,X,X,2025-11-27,2025-11-28,0.9,0.9,All but WHR,,False
440,660,Evergreen - Outlook Green Valley Ranch,Bld 8 Stair Core 2 Type B2,28.3146,29.25,Railing Black,RL,DCR,2025-08-05,1.0,X,X,X,X,X,2025-11-27,2025-11-28,0.9,0.9,All but WHR,,False
340,409,AMLI - Littleton Village II,Stair Core B Guard Rails,48.09895833333333,43.59895833333333,Red Oxide Primed,DR,CBA,2025-05-09,1.0,X,X,X,X,X,2026-02-04,2026-02-06,O,MFP,QC Done,,False
340,423,AMLI - Littleton Village II,Stair Core A Guard Rails,65.0,59.25,Red Oxide Primed,DR,CBA,2025-05-22,1.0,X,X,X,X,X,2026-01-29,2026-02-03,O,MFP,QC Done,,False
380,257,Brinkman - Marshall Pointe,North Ultralox Balcony Rails P1 of 2,13.295928,59.7770352,Factory Black,GA,CBA,2026-01-07,1.0,X,X,X,X,X,2026-03-05,2026-03-10,0.5,,1st priority,"=WORKDAY(Table1[[#This Row],[Projected fab comp]],3,)",True
170,181,Garrett -Banyan High Point,Bearing Angles,1.0,1.0,Red Oxide Primed,RL,DCR,2026-01-19,1.0,X,X,X,X,X,2026-03-05,2026-03-05,O,,Need shipped,"=WORKDAY(Table1[[#This Row],[Projected fab comp]],3,)",True
340,147,AMLI - Littleton Village II,Fitness stair,13.9198,15.25,Red Oxide Primed,DR,CBA,2025-12-02,2.0,X,X,X,X,ST,2026-01-20,2026-01-20,,MFP,,,False
340,157,AMLI - Littleton Village II,Amenity Stair,20.3074,30.15,Red Oxide Primed,DR,CBA,2025-12-02,2.0,X,X,X,X,ST,2026-01-20,2026-01-21,,MFP,,,False
340,327,AMLI - Littleton Village II,RFI 240 Missing Beam,1.3,0.8,Red Qxide Prime ,DR,DTS,2026-02-04,2.0,X,X,X,X,O,2026-02-26,2026-02-26,,,,,False
340,229,AMLI - Littleton Village II,Garage Parapet & OSHA Rail,112.5,112.5,Railing Black,DR,DCR,2026-01-22,2.0,X,X,X,X,O,2026-02-26,2026-03-09,,,QC Done,,False
420,195,Thompson Thrift - The Stacks at Wheat Ridge,Building 2 Amenity Deck Screen Wall,3.0,4.0,Primed Finish,DR,RJA,2025-12-16,2.0,X,X,X,X,ST,2026-03-05,2026-03-05,,,QC Done,"=WORKDAY(Table1[[#This Row],[Projected fab comp]],3,)",True
420,326,Thompson Thrift - The Stacks at Wheat Ridge,Trash Enclosure Gates,15.0,16.0,Railing Black,DR,DCR,2026-02-02,2.0,X,X,X,X,O,2026-03-05,2026-03-06,,,QC Done,"=WORKDAY(Table1[[#This Row],[Projected fab comp]],3,)",True
530,287,Shaw - East Oak Townhomes,Bay Window Steel Framing,4.0,0.0,Red Oxide Primed,DR,CBA,2026-01-20,2.0,X,X,X,X,O,2026-03-05,2026-03-05,,,,"=WORKDAY(Table1[[#This Row],[Projected fab comp]],3,)",True
190,176,Hinton - Metro Center,Stair Core 5C,63.928399999999996,61.650000000000006,Red Oxide Primed,GA,DCR,2024-12-24,2.0,X,X,X,X,ST,2026-03-05,2026-03-10,0.9,0.9,All but WHR,"=WORKDAY(Table1[[#This Row],[Projected fab comp]],3,)",True
370,498,Fairfield Development - Vista Highlands,Roof Access Ladder Type A Bld 7,0.0,6.0,Railing Black,GA,RJA,2025-06-17,2.0,X,X,X,X,O,2026-03-05,2026-03-05,,MFP,Need updated prints,"=WORKDAY(Table1[[#This Row],[Projected fab comp]],3,)",True
370,502,Fairfield Development - Vista Highlands,Roof Access Ladder Type A Bld 11,0.0,6.0,Railing Black,GA,RJA,2025-06-17,2.0,X,X,X,X,O,2026-03-05,2026-03-05,,MFP,Need rework,"=WORKDAY(Table1[[#This Row],[Projected fab comp]],3,)",True
370,505,Fairfield Development - Vista Highlands,Roof Access Ladder Type B Bld 3,0.0,6.0,Railing Black,GA,RJA,2025-06-17,2.0,X,X,X,X,O,2026-03-05,2026-03-05,,MFP,Need EOW 1/19,"=WORKDAY(Table1[[#This Row],[Projected fab comp]],3,)",True
370,506,Fairfield Development - Vista Highlands,Roof Access Ladder Type B Bld 5,0.0,6.0,Railing Black ,GA,RJA,2025-06-17,2.0,X,X,X,X,O,2026-03-05,2026-03-05,,MFP,Need rework,"=WORKDAY(Table1[[#This Row],[Projected fab comp]],3,)",True
370,508,Fairfield Development - Vista Highlands,Roof Access Ladder Type B Bld 13,0.0,6.0,Railing Black,GA,RJA,2025-06-17,2.0,X,X,X,X,O,2026-03-05,2026-03-05,,MFP,Need rework,"=WORKDAY(Table1[[#This Row],[Projected fab comp]],3,)",True
370,509,Fairfield Development - Vista Highlands,Roof Access Ladder Type C Bld 10,0.0,9.0,Railing Black ,GA,RJA,2025-06-17,2.0,X,X,X,X,O,2026-03-05,2026-03-05,,MFP,Need rework,"=WORKDAY(Table1[[#This Row],[Projected fab comp]],3,)",True
370,534,Fairfield Development - Vista Highlands,Bulk Roof Ladder Pack,90.0,0.0,Railing Black ,GA,RJA,2025-06-17,2.0,X,X,X,X,O,2026-03-05,2026-03-05,,MFP,10 Powdered And Hardware Pulled. 9/2/25 (TJ SHIPPED 4 12/12),"=WORKDAY(Table1[[#This Row],[Projected fab comp]],3,)",True
370,243,Fairfield Development - Vista Highlands,Bld 9 Stair 1 Rails,10.0,8.0,Railing Black,GA,DCR,2025-12-24,2.0,X,X,X,X,O,2026-03-05,2026-03-05,,,,"=WORKDAY(Table1[[#This Row],[Projected fab comp]],3,)",True
380,514,Brinkman - Marshall Pointe,Roof Curb Step,2.0,2.0,Galvanized ,GA,RJA,2025-08-07,2.0,X,X,X,X,O,2026-03-05,2026-03-05,,MFP,,"=WORKDAY(Table1[[#This Row],[Projected fab comp]],3,)",True
500,154,Brinkman - Novel Flatiron,Elevator Sump Cover,6.0,6.0,Galvanized Steel,GA,RJA,2026-01-22,2.0,X,X,X,X,O,2026-03-05,2026-03-05,,,X,"=WORKDAY(Table1[[#This Row],[Projected fab comp]],3,)",True
170,451,Garrett -Banyan High Point,Trellis B,45.6,46.6,Red Oxide Primed,RL,FMW,2025-06-03,2.0,X,X,X,X,O,2026-03-05,2026-03-09,,MFP,QC Done Embeds on site,"=WORKDAY(Table1[[#This Row],[Projected fab comp]],3,)",True
170,457,Garrett -Banyan High Point,Pool Courtyard Trellis,67.5,68.5,Red Oxide Primed,RL,FMW,2025-06-03,2.0,X,X,X,X,O,2026-03-05,2026-03-11,,MFP,QC Done,"=WORKDAY(Table1[[#This Row],[Projected fab comp]],3,)",True
170,906,Garrett -Banyan High Point,Bld 3 Balcony Rail,105.4875,93.75,Railing Black,RL,DCR,2025-11-05,2.0,X,X,X,X,O,2026-03-05,2026-03-12,,M,QC Done,"=WORKDAY(Table1[[#This Row],[Projected fab comp]],3,)",True
410,685,Lennar - Columnbine Square,HD Embeds Bld 7 Install,0.0,7.0,RAW,RL,DCR,2025-08-21,2.0,X,X,X,X,O,2026-03-05,2026-03-05,,,,"=WORKDAY(Table1[[#This Row],[Projected fab comp]],3,)",True
410,807,Lennar - Columnbine Square,Bldg 2 Level 1 Elevator Divider,0.30000000000000004,0.5,Red Oxide Prime,RL,DTS,2025-10-01,2.0,X,X,X,X,O,2026-03-05,2026-03-05,,,Material here 10-13,"=WORKDAY(Table1[[#This Row],[Projected fab comp]],3,)",True
410,319,Lennar - Columnbine Square,Elevator Door Columns Bld 2,6.0,12.0,Red Oxide Primed,RL,DCR,2026-01-26,2.0,X,X,X,X,O,2026-02-04,2026-02-04,,,QC Done,,False
410,131,Lennar - Columnbine Square,Bld 5 Stair 1,36.3138,34.9,Red Oxide Primed,RL,CBA,2025-11-18,2.0,X,X,X,X,O,2026-03-05,2026-03-09,,,,"=WORKDAY(Table1[[#This Row],[Projected fab comp]],3,)",True
410,133,Lennar - Columnbine Square,Bld 5 Stair 3,36.3138,34.9,Red Oxide Primed,RL,CBA,2025-11-18,2.0,X,X,X,X,O,2026-03-05,2026-03-09,,,,"=WORKDAY(Table1[[#This Row],[Projected fab comp]],3,)",True
410,132,Lennar - Columnbine Square,Bld 5 Stair 2,36.3138,34.9,Red Oxide Primed,RL,CBA,2025-11-18,2.0,X,X,X,X,O,2026-03-05,2026-03-09,,,,"=WORKDAY(Table1[[#This Row],[Projected fab comp]],3,)",True
440,671,Evergreen - Outlook Green Valley Ranch,Bld 12 Stair Core 1 Type A1,27.933300000000003,28.8,Railing Black,RL,DCR,2025-08-05,2.0,X,X,X,X,O,2026-03-05,2026-03-06,,MFP,Ready to ship,"=WORKDAY(Table1[[#This Row],[Projected fab comp]],3,)",True
440,745,Evergreen - Outlook Green Valley Ranch,Festoon Light Poles,15.75,18.0,Railing Black,RL,DCR,2025-09-11,2.0,X,X,X,X,O,2026-03-05,2026-03-06,,MFP,QC Done,"=WORKDAY(Table1[[#This Row],[Projected fab comp]],3,)",True
440,385,Evergreen - Outlook Green Valley Ranch,Pool Area Ramp Rail,13.25,18.2214,Railing Black,RL,DCR,2026-02-24,2.0,X,X,X,X,O,2026-02-27,2026-03-02,,,QC Done,,False
440,401,Evergreen - Outlook Green Valley Ranch,Pool Area Site Rails,13.75,18.909,Railing Black,RL,DCR,2026-02-24,2.0,X,X,X,X,O,2026-02-27,2026-03-02,,,,,False
440,219,Evergreen - Outlook Green Valley Ranch,Bld 7&8 retaining wall Ultralox Rail,14.288,213.78799999999998,Factory Black,RL,CBA,2025-12-24,2.0,X,X,X,X,O,2026-01-30,2026-02-18,,,,,False
440,213,Evergreen - Outlook Green Valley Ranch,Bld 15 Ultralox Post install,6.6787,4.9875,Factory Black,RL,CBA,2025-12-16,2.0,X,X,X,X,O,2026-02-27,2026-02-27,,,,,False
440,269,Evergreen - Outlook Green Valley Ranch,Bld 6 Ultralox Remaing Install P1 of 2,6.6787,72.74119999999999,Factory Black,RL,CBA,2026-01-08,2.0,X,X,X,X,O,2026-03-05,2026-03-11,,,,"=WORKDAY(Table1[[#This Row],[Projected fab comp]],3,)",True
440,270,Evergreen - Outlook Green Valley Ranch,Bld 7 Ultralox Remaing Install P1 of 2,6.6787,72.74119999999999,Factory Black,RL,CBA,2026-01-08,2.0,X,X,X,X,O,2026-03-05,2026-03-11,,,,"=WORKDAY(Table1[[#This Row],[Projected fab comp]],3,)",True
440,271,Evergreen - Outlook Green Valley Ranch,Bld 8 Ultralox Remaing Install P1 of 2,6.6787,72.74119999999999,Factory Black,RL,CBA,2026-01-08,2.0,X,X,X,X,O,2026-03-05,2026-03-11,,,,"=WORKDAY(Table1[[#This Row],[Projected fab comp]],3,)",True
440,334,Evergreen - Outlook Green Valley Ranch,Bld 10 Ultralox Remaing Install,3.5532000000000004,41.3532,Factory Black,RL,CBA,2026-01-29,2.0,X,X,X,X,O,2026-03-05,2026-03-09,,,,"=WORKDAY(Table1[[#This Row],[Projected fab comp]],3,)",True
440,335,Evergreen - Outlook Green Valley Ranch,Bld 12 Ultralox Remaing Install,3.5532000000000004,41.3532,Factory Black,RL,CBA,2026-01-29,2.0,X,X,X,X,O,2026-03-05,2026-03-09,,,,"=WORKDAY(Table1[[#This Row],[Projected fab comp]],3,)",True
440,336,Evergreen - Outlook Green Valley Ranch,Bld 16 Ultralox Remaing install,3.5532000000000004,41.3532,Factory Black,RL,CBA,2026-01-29,2.0,X,X,X,X,O,2026-03-05,2026-03-09,,,,"=WORKDAY(Table1[[#This Row],[Projected fab comp]],3,)",True
440,214,Evergreen - Outlook Green Valley Ranch,Bld 16 Ultralox Post install,6.6787,3.4912499999999995,Factory Black,RL,CBA,2025-12-16,2.0,X,X,X,X,O,2026-02-27,2026-02-27,,,,,False
440,307,Evergreen - Outlook Green Valley Ranch,Pour Stop Angle Install Bld 9,1.8,3.6,,RL,DCR,2026-02-23,2.0,X,X,X,X,O,2026-03-05,2026-03-05,,,,"=WORKDAY(Table1[[#This Row],[Projected fab comp]],3,)",True
440,308,Evergreen - Outlook Green Valley Ranch,Pour Stop Angle Install Bld 10,0.9,1.8,,RL,DCR,2026-02-23,2.0,X,X,X,X,O,2026-03-05,2026-03-05,,,,"=WORKDAY(Table1[[#This Row],[Projected fab comp]],3,)",True
440,309,Evergreen - Outlook Green Valley Ranch,Pour Stop Angle Install Bld 11,1.8,3.6,,RL,DCR,2026-02-23,2.0,X,X,X,X,O,2026-03-05,2026-03-05,,,,"=WORKDAY(Table1[[#This Row],[Projected fab comp]],3,)",True
440,310,Evergreen - Outlook Green Valley Ranch,Pour Stop Angle Install Bld 12,0.9,1.8,,RL,DCR,2026-02-23,2.0,X,X,X,X,O,2026-03-05,2026-03-05,,,,"=WORKDAY(Table1[[#This Row],[Projected fab comp]],3,)",True
440,311,Evergreen - Outlook Green Valley Ranch,Pour Stop Angle Install Bld 15,1.8,3.6,,RL,DCR,2026-02-23,2.0,X,X,X,X,O,2026-03-05,2026-03-05,,,,"=WORKDAY(Table1[[#This Row],[Projected fab comp]],3,)",True
440,312,Evergreen - Outlook Green Valley Ranch,Pour Stop Angle Install Bld 16,0.9,1.8,,RL,DCR,2026-02-23,2.0,X,X,X,X,O,2026-03-05,2026-03-05,,,,"=WORKDAY(Table1[[#This Row],[Projected fab comp]],3,)",True
440,174,Evergreen - Outlook Green Valley Ranch,Landing Pour Stop Angle,17.1,34.2,Railing Black ,RL,DCR,2025-12-03,2.0,X,X,X,X,O,2026-03-05,2026-03-09,,0.07,"HOT 2,5,6,7,8 ","=WORKDAY(Table1[[#This Row],[Projected fab comp]],3,)",True
900,349,Arlington - Velo Interlocken,Bld 6 Rail Extensions,3.25,3.25,Red Oxide Primed,RL,DCR,2026-02-05,2.0,X,X,X,X,O,2026-02-19,2026-02-19,X,O,,,False
380,542,Brinkman - Marshall Pointe,Bollards - Drop Shipped,73.0,0.0,Safety Yellow,GA,RJA,2025-07-14,4.0,X,X,X,O,,2026-03-05,2026-03-05,,0.3,93 pcs delivered,"=WORKDAY(Table1[[#This Row],[Projected fab comp]],3,)",True
440,688,Evergreen - Outlook Green Valley Ranch,Bld 11 Stair Core 1 Type B1,28.3146,29.25,Railing Black,RL,DCR,2025-08-06,5.0,X,X,X,X,,2026-03-05,2026-03-06,,M,QC Done ,"=WORKDAY(Table1[[#This Row],[Projected fab comp]],3,)",True
440,689,Evergreen - Outlook Green Valley Ranch,Bld 11 Stair Core 2 Type B1,27.933300000000003,28.8,Railing Black,RL,DCR,2025-08-06,6.0,X,X,X,X,,2026-03-05,2026-03-06,,M,QC Done,"=WORKDAY(Table1[[#This Row],[Projected fab comp]],3,)",True
370,205,Fairfield Development - Vista Highlands,Bld 6 Stair 2 Rails,12.5,10.0,Railing Black,GA,RJA,2025-12-22,7.0,X,X,X,O,,2026-03-05,2026-03-05,,,QC Done,"=WORKDAY(Table1[[#This Row],[Projected fab comp]],3,)",True
370,202,Fairfield Development - Vista Highlands,Bld 6 Stair 1 Rails,15.0,12.0,Railing Black ,GA,RJA,2025-12-22,8.0,X,X,X,O,,2026-03-05,2026-03-05,,,QC Done,"=WORKDAY(Table1[[#This Row],[Projected fab comp]],3,)",True
440,690,Evergreen - Outlook Green Valley Ranch,Bld 15 Stair Core 1 Type B2,27.933300000000003,28.8,Railing Black,RL,DCR,2025-08-06,9.0,X,X,X,O,,2026-03-05,2026-03-06,,M,QC Done,"=WORKDAY(Table1[[#This Row],[Projected fab comp]],3,)",True
440,691,Evergreen - Outlook Green Valley Ranch,Bld 15 Stair Core 2 Type B2,22.0646,23.0,Railing Black,RL,DCR,2025-08-06,10.0,X,X,X,O,,2026-03-05,2026-03-06,,M,QC Done,"=WORKDAY(Table1[[#This Row],[Projected fab comp]],3,)",True
410,234,Lennar - Columnbine Square,Bld 5 Vestibule Area Structural Steel,7.1205,11.6875,1 HR Intumescent,RL,RJA,2026-01-20,11.0,X,X,X,O,,2026-03-05,2026-03-05,,,QC Done,"=WORKDAY(Table1[[#This Row],[Projected fab comp]],3,)",True
410,134,Lennar - Columnbine Square,Bld 6 Stair 1,36.3138,34.9,Red Oxide Primed,RL,CBA,2025-11-18,12.0,X,X,X,O,,2026-03-05,2026-03-09,,,5th,"=WORKDAY(Table1[[#This Row],[Projected fab comp]],3,)",True
410,135,Lennar - Columnbine Square,Bld 6 Stair 2,36.3138,34.9,Red Oxide Primed,RL,CBA,2025-11-18,13.0,X,X,X,O,,2026-03-05,2026-03-09,,,5th,"=WORKDAY(Table1[[#This Row],[Projected fab comp]],3,)",True
390,330,Thompson Thrift - Heritage on Hover,Bld C East Stair Core,21.25,18.5,Ralling Black 38/81009,RL,CBA,2026-01-28,15.0,X,X,X,X,O,2026-02-27,2026-03-02,,,Need to hold 2/27 date for install,,False
390,331,Thompson Thrift - Heritage on Hover,Bld C West Stair Core,21.25,18.5,Ralling Black 38/81009,RL,CBA,2026-01-28,16.0,X,X,X,X,O,2026-02-27,2026-03-02,,,Need to hold 2/27 date for install,,False
320,337,Thompson Thrift - Landing at Lemay,Trash Room Site Rails,25.1906,21.3156,Railing Black,DR,DCR,2026-02-20,17.0,X,X,X,X,O,2026-02-26,2026-02-27,,,QC Done,,False
370,244,Fairfield Development - Vista Highlands,Bld 9 Stair 2 Rails,10.0,8.0,Railing Black,GA,DCR,2025-12-24,18.0,X,X,X,O,,2026-03-05,2026-03-05,,,QC Done,"=WORKDAY(Table1[[#This Row],[Projected fab comp]],3,)",True
340,V761,AMLI - Littleton Village II,Missing Clevis Rods,,,Railing Black,DR,DR,2026-02-24,20.0,X,X,X,X,O,2026-02-27,2026-02-27,,,Rods on North Side ,,False
190,341,Hinton - Metro Center,Bld 2 Stoop SE Corner,71.6308,61.5,Railing Black,GA,DCR,2026-02-04,21.0,X,X,X,O,,2026-03-05,2026-03-10,,,QC Done,"=WORKDAY(Table1[[#This Row],[Projected fab comp]],3,)",True
450,300,Marrow - Sandstone Ranch,Upper Canopies Bld A,45.0,90.0,Railing Black,DR,DCR,2026-01-22,22.0,X,X,X,O,,2026-03-05,2026-03-12,,MFP,QC Done still missing clevis assembly,"=WORKDAY(Table1[[#This Row],[Projected fab comp]],3,)",True
450,301,Marrow - Sandstone Ranch,Lower Canopies Bld A,16.0,32.0,Railing Black,DR,DCR,2026-02-04,23.0,X,X,O,,,2026-03-06,2026-03-10,,MF,"Knife plates,Stand offs are done HOLD per Danny Req","=WORKDAY(Table1[[#This Row],[Projected fab comp]],3,)",True
170,350,Garrett -Banyan High Point,Bld 1 Westside Rail,6.625,6.4,Railing Black,RL,DCR,2026-02-05,24.0,X,X,X,O,,2026-03-06,2026-03-06,,,QC Done,"=WORKDAY(Table1[[#This Row],[Projected fab comp]],3,)",True
390,332,Thompson Thrift - Heritage on Hover,Bld D East Stair Core,21.25,18.5,Ralling Black 38/81009,RL,CBA,2026-01-28,25.0,X,X,X,O,,2026-03-06,2026-03-09,,,Need to hold 3/6 date for install,,False
390,333,Thompson Thrift - Heritage on Hover,Bld D Middle Stair Core,21.25,18.5,Ralling Black 38/81009,RL,CBA,2026-01-28,26.0,X,X,X,O,,2026-03-06,2026-03-09,,,QC Done Need to hold 3/6 for install,,False
390,345,Thompson Thrift - Heritage on Hover,Bld D West Stair Core,21.25,18.5,Railling Black 38/81009,RL,CBA,2026-02-04,27.0,X,X,X,O,,2026-03-06,2026-03-09,,,QC Done Need to hold 3/6 for install,,False
500,338,Brinkman - Novel Flatiron,Stair Core 1 Part 1,38.775000000000006,60.4,Red Oxide Primed,GA,DCR,2026-02-09,28.0,X,X,X,O,,2026-03-06,2026-03-11,,,QC Done,"=WORKDAY(Table1[[#This Row],[Projected fab comp]],3,)",True
480,299,Wood Partners - Alta Flatirons,Pre-cast Stair Core 2,47.375,6.75,Red Oxide Primed,GA,CBA,2026-01-28,29.0,X,X,X,X,O,2026-03-06,2026-03-06,,MFP,QC Done,"=WORKDAY(Table1[[#This Row],[Projected fab comp]],3,)",True
450,314,Marrow - Sandstone Ranch,Upper Canopies Bld B,26.0,52.0,Railing Black,DR,DCR,2026-01-22,30.0,X,X,X,O,,2026-03-06,2026-03-11,,MFP,QC Done still missing clevis assembly,"=WORKDAY(Table1[[#This Row],[Projected fab comp]],3,)",True
410,136,Lennar - Columnbine Square,Bld 7 Stair 1,36.3138,34.9,Red Oxide Primed,RL,CBA,2025-11-14,31.0,X,X,X,O,,2026-03-06,2026-03-10,,,QC Done  need riser pans,"=WORKDAY(Table1[[#This Row],[Projected fab comp]],3,)",True
410,137,Lennar - Columnbine Square,Bld 7 Stair 2,36.3138,34.9,Red Oxide Primed,RL,CBA,2025-11-14,32.0,X,X,X,O,,2026-03-06,2026-03-10,,,QC Done   need riser pans,"=WORKDAY(Table1[[#This Row],[Projected fab comp]],3,)",True
400,392,Mountain West Contractors - Fieldhouse (Idaho Springs),Stringer Closure,2.455,49.1,Railing Black,RL,DCR,2026-02-19,33.0,X,X,X,O,,2026-03-06,2026-03-11,,,,"=WORKDAY(Table1[[#This Row],[Projected fab comp]],3,)",True
370,566,Fairfield Development - Vista Highlands,Bld 9 Ultralox Remainder Balcony Rails,10.068525000000001,48.093525,Factory Black,GA,CBA,2025-12-23,35.0,X,X,X,X,O,2026-03-06,2026-03-11,,,,"=WORKDAY(Table1[[#This Row],[Projected fab comp]],3,)",True
410,138,Lennar - Columnbine Square,Bld 7 Stair 3,36.3138,34.9,Red Oxide Primed,RL,CBA,2025-11-14,36.0,X,X,X,O,,2026-03-06,2026-03-10,,,QC Done still  need sway bars 8 total,"=WORKDAY(Table1[[#This Row],[Projected fab comp]],3,)",True
400,352,Mountain West Contractors - Fieldhouse (Idaho Springs),Bld 3 Ladder & Guardrail,39.75,29.5,Railing Black,RL,DCR,2026-02-17,37.0,X,X,X,O,,2026-03-06,2026-03-09,,,wire mesh is here in dog house/ onsite no later than 3/11,,False
370,262,Fairfield Development - Vista Highlands,Bld 12 Stair 2 Rail,5.0,4.0,Railing Black,GA,DCR,2026-01-06,38.0,X,X,X,O,,2026-03-06,2026-03-06,,,QC Done,"=WORKDAY(Table1[[#This Row],[Projected fab comp]],3,)",True
370,261,Fairfield Development - Vista Highlands,Bld 12 Stair 1 Rail,5.0,4.0,Railing Black,GA,DCR,2026-01-06,39.0,X,X,X,O,,2026-03-06,2026-03-06,,,QC Done,"=WORKDAY(Table1[[#This Row],[Projected fab comp]],3,)",True
500,339,Brinkman - Novel Flatiron,Stair Core 2 Part 1,41.675,62.8,Red Oxide Primed,GA,DCR,2026-02-17,40.0,X,X,O,,,2026-03-06,2026-03-11,,,,"=WORKDAY(Table1[[#This Row],[Projected fab comp]],3,)",True
440,672,Evergreen - Outlook Green Valley Ranch,Bld 16 Stair Core 1 Type A1,27.933300000000003,28.8,Railing Black,RL,DCR,2025-08-05,41.0,X,X,X,X,O,2026-03-06,2026-03-09,,M,QC Done,"=WORKDAY(Table1[[#This Row],[Projected fab comp]],3,)",True
330,395,Brinkmann - Aspendale Littleton Senior,NorthEast Site Rail,9.7512,8.2512,Railing Black,RL,DR,2026-02-19,42.0,X,X,O,,,2026-03-06,2026-03-06,,,,"=WORKDAY(Table1[[#This Row],[Projected fab comp]],3,)",True
400,391,Mountain West Contractors - Fieldhouse (Idaho Springs),Riser Plates,30.0,30.0,Railing Black,RL,DCR,2026-02-19,43.0,X,X,X,X,O,2026-03-06,2026-03-09,,,,"=WORKDAY(Table1[[#This Row],[Projected fab comp]],3,)",True
370,217,Fairfield Development - Vista Highlands,Bld 7 Stair 1 Rails,15.0,12.0,Railing Black ,GA,RJA,2026-01-05,44.0,X,X,X,O,,2026-03-06,2026-03-06,,,QC Done,"=WORKDAY(Table1[[#This Row],[Projected fab comp]],3,)",True
370,196,Fairfield Development - Vista Highlands,Bld 2 Stair 2 Rails,5.0,4.0,Railing Black,GA,RJA,2025-12-18,45.0,X,X,X,O,,2026-03-06,2026-03-06,,,QC Done,"=WORKDAY(Table1[[#This Row],[Projected fab comp]],3,)",True
380,252,Brinkman - Marshall Pointe,Garage Low Wall Rails,50.0625,40.050000000000004,Railing Black,GA,RJA,2026-02-04,46.0,X,O,,,,2026-03-06,2026-03-10,,,Adam Pulido,"=WORKDAY(Table1[[#This Row],[Projected fab comp]],3,)",True
480,294,Wood Partners - Alta Flatirons,Area 6 Structural Steel,35.6854,52.246599999999994,Intumescent,GA,DEP,2026-02-17,47.0,X,O,,,,2026-03-09,2026-03-12,,,Waiting on (2) beams to be delivered,"=WORKDAY(Table1[[#This Row],[Projected fab comp]],3,)",True
370,218,Fairfield Development - Vista Highlands,Bld 7 Stair 2 Rails,12.5,10.0,Railing Black,GA,RJA,2026-01-05,48.0,X,O,,,,2026-03-09,2026-03-09,,,Build in numerical order,"=WORKDAY(Table1[[#This Row],[Projected fab comp]],3,)",True
190,398,Hinton - Metro Center,Bld 5 Remaining Balcony Rails,12.5,12.5,Railing Black,GA,DCR,2026-02-23,49.0,X,X,O,,,2026-03-09,2026-03-09,,,,"=WORKDAY(Table1[[#This Row],[Projected fab comp]],3,)",True
170,393,Garrett -Banyan High Point,Balcony Divider Bld 1,4.5008,4.0,Railing Black,RL,DCR,2026-02-20,50.0,X,O,,,,2026-03-09,2026-03-09,,,,"=WORKDAY(Table1[[#This Row],[Projected fab comp]],3,)",True
170,397,Garrett -Banyan High Point,Balcony Divider Bld 2,2.8129999999999997,2.5,Railing Black,RL,DCR,2026-02-20,51.0,X,O,,,,2026-03-09,2026-03-09,,,,"=WORKDAY(Table1[[#This Row],[Projected fab comp]],3,)",True
370,200,Fairfield Development - Vista Highlands,Bld 2 Stair 1 Rails,5.0,4.0,Railing Black ,GA,RJA,2025-12-18,52.0,X,X,O,,,2026-03-09,2026-03-09,,,Build in numerical order,"=WORKDAY(Table1[[#This Row],[Projected fab comp]],3,)",True
450,193,Marrow - Sandstone Ranch,Fitness Stair,32.775,30.15,TBD,DR,CBA,2025-12-12,53.0,X,X,O,,,2026-03-09,2026-03-10,,M,,"=WORKDAY(Table1[[#This Row],[Projected fab comp]],3,)",True
200,340,TCR - Alexan Diagonal ,Alexan Diagonal Plaza Additional Rails,5.0,4.0,Railing Black,DR,DEP,2026-02-23,54.0,X,O,,,,2026-03-04,2026-03-04,,,,,False
190,404,Hinton - Metro Center,Pool Fence pt3,3.0,3.0,Railing Black,GA,DCR,2026-02-25,54.5,X,O,,,,2026-03-09,2026-03-09,,,,"=WORKDAY(Table1[[#This Row],[Projected fab comp]],3,)",True
400,998,Mountain West Contractors - Fieldhouse (Idaho Springs),Exterior Site Rails,117.0,151.3332,Railing Black,RL,DCR,2026-02-18,55.0,O,,,,,2026-03-06,2026-03-19,,,wire mesh is here in dog house,,False
330,394,Brinkmann - Aspendale Littleton Senior,NorthWest Site Rail,17.0646,14.4396,Railing Black,RL,DCR,2026-02-20,56.0,X,O,,,,2026-03-10,2026-03-10,,,,"=WORKDAY(Table1[[#This Row],[Projected fab comp]],3,)",True
440,387,Evergreen - Outlook Green valley Ranch,Carraige House 3 Site Rail,10.0,13.751999999999999,Railing Black,RL,DCR,2026-02-24,57.0,X,O,,,,2026-03-04,2026-03-04,,,,,False
190,396,Hinton - Metro Center,Pool Site Rail,6.7512,8.2512,Railing Black,GA,DCR,2026-02-25,58.0,O,,,,,2026-03-10,2026-03-10,,,,"=WORKDAY(Table1[[#This Row],[Projected fab comp]],3,)",True
450,316,Marrow - Sandstone Ranch,Lower Canopies Bld B,39.5904,89.63839999999999,Railing Black,DR,DCR,2026-01-22,59.0,O,,,,,2026-03-11,2026-03-18,,M,"Knife plates,Stand offs are done","=WORKDAY(Table1[[#This Row],[Projected fab comp]],3,)",True
410,399,Lennar - Columnbine Square,Bld 1 Roof Ladder,3.0,3.0,Red Oxide Primed,RL,DCR,2026-02-24,60.0,X,O,,,,2026-03-11,2026-03-11,,,,"=WORKDAY(Table1[[#This Row],[Projected fab comp]],3,)",True
410,400,Lennar - Columnbine Square,Bld 3 Roof Ladder,3.0,3.0,Red Oxide Primed,RL,DCR,2026-02-24,61.0,X,O,,,,2026-03-11,2026-03-11,,,,"=WORKDAY(Table1[[#This Row],[Projected fab comp]],3,)",True
510,151,W.E. O'Neill - Idaho Springs Police Dept.,Pipe Bollards,5.5,0.0,Safety Yellow,RL,DCR,2025-11-19,78.0,HOLD,,,,,2026-03-11,2026-03-11,,,HOLD/ Possibly switching to top mount,"=WORKDAY(Table1[[#This Row],[Projected fab comp]],3,)",True
320,118,Thompson Thrift - Landing at Lemay,Building 16 Patio & Balcony Ultralox Rails,5.026349199999999,40.94870443999999,Factory Black,DR,CBA,2025-11-18,79.0,X,X,X,,,2026-03-11,2026-03-13,,MFP,2nd,"=WORKDAY(Table1[[#This Row],[Projected fab comp]],3,)",True
380,259,Brinkman - Marshall Pointe,North West Ultralox Balcony Rails P1 of 3,12.760254,57.368703599999996,Factory Black,GA,CBA,2026-01-13,80.55,-,,,,,2026-03-11,2026-03-16,,,Next in order,"=WORKDAY(Table1[[#This Row],[Projected fab comp]],3,)",True
320,246,Thompson Thrift - Landing at Lemay,Building 18 Patio & Balcony Ultralox Rails Sheet 1 of 2,9.926400000000001,115.5264,Factory Black,DR,CBA,2026-01-20,80.555,-,,,,,2026-03-11,2026-03-20,,,3rd Target 2nd week of feb install,"=WORKDAY(Table1[[#This Row],[Projected fab comp]],3,)",True
340,164,AMLI - Littleton Village II,Superior Decks Steel Hung Balconys,27.0,108.0,Black by Superior Decks,DR,DR,2025-11-26,80.555,-,,,,,2026-04-01,2026-04-09,,,,,False
450,313,Marrow - Sandstone Ranch,Upper Canopies Bld C,18.0,36.0,Railing Black,DR,DCR,2026-01-22,80.555,O,,,,,2026-03-12,2026-03-16,,M,"Knife plates,Stand offs are done","=WORKDAY(Table1[[#This Row],[Projected fab comp]],3,)",True
450,315,Marrow - Sandstone Ranch,Upper Canopies Bld D,22.0,44.0,Railing Black,DR,DCR,2026-01-22,80.555,O,,,,,2026-03-12,2026-03-16,,M,"Knife plates,Stand offs are done","=WORKDAY(Table1[[#This Row],[Projected fab comp]],3,)",True
450,317,Marrow - Sandstone Ranch,Lower Canopies Bld C,12.0,24.0,Railing Black,DR,DCR,2026-01-22,80.555,-,,,,,2026-03-12,2026-03-13,,M,"Knife plates,Stand offs are done","=WORKDAY(Table1[[#This Row],[Projected fab comp]],3,)",True
450,318,Marrow - Sandstone Ranch,Lower Canopies Bld D,9.0,18.0,Railing Black,DR,DCR,2026-01-22,80.555,-,,,,,2026-03-12,2026-03-13,,M,"Knife plates,Stand offs are done","=WORKDAY(Table1[[#This Row],[Projected fab comp]],3,)",True
450,344,Marrow - Sandstone Ranch,Bld A Balconyrails,71.25,106.875,Red Oxide Primed,DR,CBA,2026-02-25,80.555,-,,,,,2026-03-13,2026-03-23,,,,"=WORKDAY(Table1[[#This Row],[Projected fab comp]],3,)",True
370,474,Fairfield Development - Vista Highlands,Roof Access Ladder Type A Bld 4,0.0,6.0,Railing Black ,GA,RJA,2025-06-17,80.555,X,X,O,,,2026-03-13,2026-03-13,,MFP,Need rework,"=WORKDAY(Table1[[#This Row],[Projected fab comp]],3,)",True
370,500,Fairfield Development - Vista Highlands,Roof Access Ladder Type A Bld 8,0.0,6.0,Railing Black ,GA,RJA,2025-06-17,80.555,X,X,O,,,2026-03-13,2026-03-13,,MFP,Need rework,"=WORKDAY(Table1[[#This Row],[Projected fab comp]],3,)",True
370,497,Fairfield Development - Vista Highlands,Roof Access Ladder Type A Bld 6,0.0,6.0,Railing Black ,GA,RJA,2025-06-17,80.555,X,X,O,,,2026-03-13,2026-03-13,,MFP,Need rework,"=WORKDAY(Table1[[#This Row],[Projected fab comp]],3,)",True
370,501,Fairfield Development - Vista Highlands,Roof Access Ladder Type A Bld 9,0.0,6.0,Railing Black ,GA,RJA,2025-06-17,80.555,X,X,O,,,2026-03-13,2026-03-13,,MFP,Need rework,"=WORKDAY(Table1[[#This Row],[Projected fab comp]],3,)",True
370,507,Fairfield Development - Vista Highlands,Roof Access Ladder Type B Bld 12,0.0,6.0,Railing Black,GA,RJA,2025-06-17,80.555,X,X,O,,,2026-03-13,2026-03-13,,MFP,Need rework,"=WORKDAY(Table1[[#This Row],[Projected fab comp]],3,)",True
370,238,Fairfield Development - Vista Highlands,Bld 8 Stair 1 Rails,12.5,10.0,Railing Black ,GA,RJA,2026-01-06,80.555,-,,,,,2026-03-13,2026-03-13,,,Build in numerical order,"=WORKDAY(Table1[[#This Row],[Projected fab comp]],3,)",True
370,242,Fairfield Development - Vista Highlands,Bld 8 Stair 2 Rails,10.0,8.0,Railing Black,GA,RJA,2026-01-06,80.555,-,,,,,2026-03-13,2026-03-13,,,Build in numerical order,"=WORKDAY(Table1[[#This Row],[Projected fab comp]],3,)",True
370,247,Fairfield Development - Vista Highlands,Bld 10 Stair Rail 1,10.0,8.0,Railing Black,GA,DCR,2026-01-05,80.555,-,,,,,2026-03-13,2026-03-13,,,Build in numerical order,"=WORKDAY(Table1[[#This Row],[Projected fab comp]],3,)",True
370,248,Fairfield Development - Vista Highlands,Bld 10 Stair Rail 2,10.0,8.0,Railing Black,GA,DCR,2026-01-05,80.555,-,,,,,2026-03-13,2026-03-13,,,Build in numerical order,"=WORKDAY(Table1[[#This Row],[Projected fab comp]],3,)",True
370,249,Fairfield Development - Vista Highlands,Bld 10 Stair Rail 3,10.0,8.0,Railing Black,GA,DCR,2026-01-05,80.555,-,,,,,2026-03-13,2026-03-13,,,Build in numerical order,"=WORKDAY(Table1[[#This Row],[Projected fab comp]],3,)",True
370,254,Fairfield Development - Vista Highlands,Bld 11 Stair 1 Rails,10.0,8.0,Railing Black,GA,DCR,2026-01-06,80.555,-,,,,,2026-03-13,2026-03-13,,,Build in numerical order,"=WORKDAY(Table1[[#This Row],[Projected fab comp]],3,)",True
370,255,Fairfield Development - Vista Highlands,Bld 11 Stair 2 Rails,10.0,8.0,Railing Black,GA,DCR,2026-01-06,80.555,-,,,,,2026-03-13,2026-03-13,,,Build in numerical order,"=WORKDAY(Table1[[#This Row],[Projected fab comp]],3,)",True
370,572,Fairfield Development - Vista Highlands,Bld 12 Ultralox Remainder Balcony Rails,8.7734466,40.8896716,Factory Black,GA,CBA,2025-12-17,80.555,-,,,,,2026-03-13,2026-03-17,,,,"=WORKDAY(Table1[[#This Row],[Projected fab comp]],3,)",True
380,258,Brinkman - Marshall Pointe,North East Ultralox Balcony Rails P1 of 2,12.083105999999999,54.324320400000005,Factory Black,GA,CBA,2026-01-07,80.555,-,,,,,2026-03-16,2026-03-19,,,,"=WORKDAY(Table1[[#This Row],[Projected fab comp]],3,)",True
380,260,Brinkman - Marshall Pointe,South Courtyard Balcony Rails P1 of 3,16.067154,72.2361636,Factory Black,GA,CBA,2026-01-08,80.555,-,,,,,2026-03-16,2026-03-20,,,,"=WORKDAY(Table1[[#This Row],[Projected fab comp]],3,)",True
380,V176,Brinkman - Marshall Pointe,North CY Ultralox,,,Red Oxide Primed,GA,GA,2026-02-09,80.555,X,X,X,X,X,2026-03-16,2026-03-16,O,,HOT,"=WORKDAY(Table1[[#This Row],[Projected fab comp]],3,)",True
440,347,Evergreen - Outlook Green Valley Ranch,Bld 3 Steel Divider & Ultralox Balcony Rail,1.296,17.796,Ral-9005 & Factory Black,RL,CBA,2026-02-05,80.555,-,,,,,2026-03-11,2026-03-12,,,Hold 3/11 delivery date ,,False
999,999,MHMW Office,Office Desk,8.0,0.0,Railing Black,WO,DTS,2026-12-09,80.555,-,,,,,2026-03-16,2026-03-16,,,,"=WORKDAY(Table1[[#This Row],[Projected fab comp]],3,)",True
575,402,Brinkmann - Falcon Commerce,Drop Ship Steel Material,25.0,1.5,Red Oxide Primed,GA,DTS,2026-02-26,80.555,-,,,,,2026-03-16,2026-03-16,,,,"=WORKDAY(Table1[[#This Row],[Projected fab comp]],3,)",True
440,407,Evergreen - Outlook Green Valley Ranch,Bld 2 Knee Wall Replacement Pannels,0.0,0.0,Factory Black,RL,CBA,2026-02-26,80.555,-,,,,,2026-03-02,2026-03-02,,,HOT,,False
410,406,Lennar - Columnbine Square,Bld 4 Wings,0.0,0.0,Red Oxide Primed,RL,CBA,2026-02-26,80.555,-,,,,,2026-03-16,2026-03-16,,,,"=WORKDAY(Table1[[#This Row],[Projected fab comp]],3,)",True
170,405,Garrett -Banyan High Point,Bld 1 Garage Rails,123.5,114.0,Railing Black,RL,DCR,2026-02-27,80.555,-,,,,,2026-03-17,2026-03-26,,,,"=WORKDAY(Table1[[#This Row],[Projected fab comp]],3,)",True
330,325,Brinkmann - Aspendale Littleton Senior,Courtyard Trellis,20.0,24.0,Railling Black 38/81009,RL,CBA,2026-02-27,80.555,-,,,,,2026-03-17,2026-03-18,,,,"=WORKDAY(Table1[[#This Row],[Projected fab comp]],3,)",True
410,267,Lennar - Columnbine Square,Bld 5 Trash Room Steel,8.4033,11.851199999999999,1HR Intumescent,RL,RJA,2026-02-27,80.555,-,,,,,2026-03-17,2026-03-17,,,,"=WORKDAY(Table1[[#This Row],[Projected fab comp]],3,)",True
440,277,Evergreen - Outlook Green Valley Ranch,Bld 9 Ultralox Remaing Install P1 of 2,6.6787,72.74119999999999,Factory Black,RL,CBA,2026-02-27,80.555,-,,,,,2026-03-18,2026-03-24,,,,"=WORKDAY(Table1[[#This Row],[Projected fab comp]],3,)",True
440,278,Evergreen - Outlook Green Valley Ranch,Bld 11 Ultralox Remaing Install P1 of 2,6.6787,72.74119999999999,Factory Black,RL,CBA,2026-02-27,80.555,-,,,,,2026-03-18,2026-03-24,,,,"=WORKDAY(Table1[[#This Row],[Projected fab comp]],3,)",True
440,279,Evergreen - Outlook Green Valley Ranch,Bld 15 Ultralox Remaing Install P1 of 2,6.6787,72.74119999999999,Factory Black,RL,CBA,2026-02-27,80.555,-,,,,,2026-03-18,2026-03-24,,,,"=WORKDAY(Table1[[#This Row],[Projected fab comp]],3,)",True
320,288,Thompson Thrift - Landing at Lemay,Building 18 East Stair,15.0,15.0,Railling Black 38/81009,DR,CBA,2026-01-20,,X,X,X,X,X,2026-03-18,2026-03-18,X,O,QC Done,"=WORKDAY(Table1[[#This Row],[Projected fab comp]],3,)",True
320,281,Thompson Thrift - Landing at Lemay,Building 18 Middle Stair,22.5,21.0,Realling Black 38/81009,DR,CBA,2026-01-20,,X,X,X,X,X,2026-03-18,2026-03-19,X,O,QC Done,"=WORKDAY(Table1[[#This Row],[Projected fab comp]],3,)",True
320,282,Thompson Thrift - Landing at Lemay,Building 18 West Stair,22.5,21.0,Railling Black 38/81009,DR,CBA,2026-01-20,,X,X,X,X,X,2026-03-18,2026-03-19,X,O,QC Done,"=WORKDAY(Table1[[#This Row],[Projected fab comp]],3,)",True
340,415,AMLI - Littleton Village II,Structural Framing at Leasing Fireplace,7.5,8.3,Red Oxide Primed,DR,FMW,2025-05-21,,X,X,X,X,X,2026-03-18,2026-03-18,X,MFP,Plates on site,"=WORKDAY(Table1[[#This Row],[Projected fab comp]],3,)",True
340,887,AMLI - Littleton Village II,CMU Wall Atachment Angles,26.849999999999998,89.5,Red Oxide Primed,DR,DCR,2025-11-05,,X,X,X,X,X,2026-03-18,2026-03-25,X,MFP,,"=WORKDAY(Table1[[#This Row],[Projected fab comp]],3,)",True
340,V918,AMLI - Littleton Village II,Missed Flitch Beams Over East Breezeway,5.0,0.0,Red Ox,DR,DR,2026-02-19,,X,X,X,X,X,2026-02-19,2026-02-19,X,O,Need ASAP holding up framing,,False
370,846,Fairfield Development - Vista Highlands,Bld 4 Stair 1 Rails,10.0,8.0,Railing Black ,GA,DCR,2025-11-18,,X,X,X,X,X,2026-03-18,2026-03-18,X,X,QC Done,"=WORKDAY(Table1[[#This Row],[Projected fab comp]],3,)",True
380,844,Brinkman - Marshall Pointe,Elevator Sump Pit Cover,4.0,4.0,Galv,GA,JRA,2025-11-10,,X,X,X,X,X,2026-01-12,2026-01-12,X,MFP,QC Done,,False
480,V902,Wood Partners - Alta Flatirons,Elevator Hoist Beams,1.0,1.0,Red Oxide Primed,GA,RJA,2026-02-18,,X,X,X,X,X,2026-02-24,2026-02-24,X,O,,,False
170,103,Garrett -Banyan High Point,Bld 5 Balcony Rails,77.3575,68.75,Railing Black,RL,DCR,2025-11-06,,X,X,X,X,X,2026-02-11,2026-02-17,X,O,QC Done ,,False
170,866,Garrett -Banyan High Point,Bld 2 Balcony Rail,225.04,200.0,Railing Black,RL,DCR,2025-10-23,,X,X,X,X,X,2026-03-18,2026-04-03,X,0.9,,"=WORKDAY(Table1[[#This Row],[Projected fab comp]],3,)",True
330,V497,Brinkmann - Aspendale Littleton Senior,Covered Walk Way Flat Bar ,0.5,0.5,Red Oxide ,RL,RL,2026-02-09,,X,X,X,X,X,2026-02-13,2026-02-13,X,O,,,False
330,342,Brinkmann - Aspendale Littleton Senior,Exterior Deck Stair Rails,31.25,30.0,Railing Black,RL,DCR,2026-02-04,,X,X,X,X,X,2026-02-18,2026-02-19,X,O,HOT. No site map on the prints. L$ ,,False
330,343,Brinkmann - Aspendale Littleton Senior,Balcony Divider Screen PT2,0.44999999999999996,6.0,Railing Black,RL,DCR,2026-02-03,,X,X,X,X,X,2026-02-13,2026-02-13,X,O,HOT,,False
410,878,Lennar - Columnbine Square,Bldg 2 Structural Steel Columns and Beams pt1,262.2627,353.32450000000006,1HR & 2HR Intumesent,RL,DTS,2025-10-30,,X,X,X,X,X,2026-03-18,2026-04-17,X,M,B30 is the only beam with 2 hour/ No inspection here on CJP,"=WORKDAY(Table1[[#This Row],[Projected fab comp]],3,)",True
440,756,Evergreen - Outlook Green Valley Ranch,Shade Structure B,13.0,48.0,Railing Black,RL,DCR,2025-09-11,,X,X,X,X,X,2026-03-18,2026-03-23,X,MFP,QC Done,"=WORKDAY(Table1[[#This Row],[Projected fab comp]],3,)",True
440,761,Evergreen - Outlook Green Valley Ranch,Shade Structure A,26.0,96.0,Railing Black,RL,DCR,2025-09-15,,X,X,X,X,X,2026-03-18,2026-03-26,X,MFP,QC Done,"=WORKDAY(Table1[[#This Row],[Projected fab comp]],3,)",True
900,801,Arlington - Velo Interlocken,Bld 6 Stair Core 1,73.8,83.45,Red Oxide Primed,RL,DCR,2024-08-06,,X,X,X,X,X,2024-12-19,2024-12-26,X,0.9,All but WHR/Ready to install,,False
900,802,Arlington - Velo Interlocken,Bld 6 Stair Core 2,73.8,83.45,Red Oxide Primed,RL,DCR,2024-08-06,,X,X,X,X,X,2024-12-19,2024-12-26,X,0.9,All but WHR/Ready to install,,False
420,194,Thompson Thrift - The Stacks at Wheat Ridge,Elevator Sump Pit Metals Fab,27.0,0.0,Primed Finish ,DR,RJA,2025-12-19,,X,X,X,X,X,2026-02-09,2026-02-09,X,O,QC Done,,False
300,272,PCL - 16th Street Mall,Damaged Planter Railing Replacement,2.5,6.0,Custon RAL 6033 (mint) Powder Coated,GA,RJA,2026-01-21,,X,X,X,X,X,2026-03-18,2026-03-18,X,O,Painted read to go.,"=WORKDAY(Table1[[#This Row],[Projected fab comp]],3,)",True
170,348,Garrett -Banyan High Point,Bld 4 FDC Rail,1.5,3.0,Railing Black,RL,DCR,2026-02-05,,X,X,X,X,X,2026-03-18,2026-03-18,X,O,,"=WORKDAY(Table1[[#This Row],[Projected fab comp]],3,)",True
999,293,Saddleback Bag Drop,Saddleback Bag Drop,12.0,0.2,Railing Black ,WO,RJA,2026-01-20,,X,X,X,X,X,2026-03-18,2026-03-18,X,O,Dencol parts here,"=WORKDAY(Table1[[#This Row],[Projected fab comp]],3,)",True
320,227,Thompson Thrift - Landing at Lemay,Building 17 Middle Stair,22.5,21.0,Railling Black 38/81009,DR,CBA,2025-12-23,,X,X,X,X,X,2026-03-18,2026-03-19,X,O,QC Done,"=WORKDAY(Table1[[#This Row],[Projected fab comp]],3,)",True
320,228,Thompson Thrift - Landing at Lemay,Building 17 West Stair,22.5,21.0,Railling Black 38/81009,DR,CBA,2025-12-23,,X,X,X,X,X,2026-03-18,2026-03-19,X,O,QC Done,"=WORKDAY(Table1[[#This Row],[Projected fab comp]],3,)",True
320,226,Thompson Thrift - Landing at Lemay,Building 17 East Stair,22.5,21.0,Railling Black 38/81009,DR,CBA,2025-12-23,,X,X,X,X,X,2026-03-18,2026-03-19,X,O,QC Done,"=WORKDAY(Table1[[#This Row],[Projected fab comp]],3,)",True
320,V116,Thompson Thrift - Landing at Lemay,Custom Grab Rail Brackets,,,Ultralok Black ,DR,DR,2025-09-08,,X,X,X,X,X,2026-03-18,2026-03-18,X,O,,"=WORKDAY(Table1[[#This Row],[Projected fab comp]],3,)",True
320,V708,Thompson Thrift - Landing at Lemay,Additional Pool Ramp Rail Material ,1.0,4.0,Red Ox,DR,DR,2025-10-27,,X,X,X,X,X,2026-03-18,2026-03-18,X,O,,"=WORKDAY(Table1[[#This Row],[Projected fab comp]],3,)",True
320,115,Thompson Thrift - Landing at Lemay,Building 16 North Stair,22.5,21.0,Railing Black,DR,CBA,2025-11-18,,X,X,X,X,X,2026-03-18,2026-03-19,X,M,QC Done,"=WORKDAY(Table1[[#This Row],[Projected fab comp]],3,)",True
320,116,Thompson Thrift - Landing at Lemay,Building 16 South Stair,22.5,21.0,Railing Black,DR,CBA,2025-11-18,,X,X,X,X,X,2026-03-18,2026-03-19,X,M,QC Done,"=WORKDAY(Table1[[#This Row],[Projected fab comp]],3,)",True
340,613,AMLI - Littleton Village II,Balcony embeds at 3rd floor podium,0.0,0.0,Raw,DR,CBA,2025-07-22,,X,X,X,X,X,2026-03-18,2026-03-18,X,O,,"=WORKDAY(Table1[[#This Row],[Projected fab comp]],3,)",True
340,855,AMLI - Littleton Village II,Stand offs for Wood Frame Balconies,0.0,0.0,Raw,DR,CBA,2025-10-23,,X,X,X,X,X,2025-10-31,2025-10-31,X,O,,,False
340,869,AMLI - Littleton Village II,CO#13 Misc. Steel Fixes,2.8,17.4,Red Oxide Primed,DR,CBA,2025-10-23,,X,X,X,X,X,2026-03-18,2026-03-19,X,O,Need CO,"=WORKDAY(Table1[[#This Row],[Projected fab comp]],3,)",True
340,894,AMLI - Littleton Village II,Hanging Brick Relief At Storefront,25.45,91.2,Red Oxide Primed,DR,DCR,2025-11-11,,X,X,X,X,X,2026-03-18,2026-03-25,X,O,,"=WORKDAY(Table1[[#This Row],[Projected fab comp]],3,)",True
340,V439,AMLI - Littleton Village II,Leasing Fireplace Steel Missing Embed Fix,1.0,4.0,RAW,DR,DR,2025-11-07,,X,X,X,X,X,2025-11-10,2025-11-10,X,O,,,False
420,220,Thompson Thrift - The Stacks at Wheat Ridge,Elevator Sump Pit Metals Building 1 Install,0.0,8.0,Primed Finish ,DR,RJA,2025-12-19,,X,X,X,X,X,2026-02-09,2026-02-09,X,O,,,False
420,221,Thompson Thrift - The Stacks at Wheat Ridge,Elevator Sump Pit Metals Building 2 Install,0.0,8.0,Primed Finish ,DR,RJA,2025-12-19,,X,X,X,X,X,2026-02-09,2026-02-09,X,O,,,False
420,222,Thompson Thrift - The Stacks at Wheat Ridge,Elevator Sump Pit Metals Building 3 Install,0.0,8.0,Primed Finish ,DR,RJA,2025-12-19,,X,X,X,X,X,2026-02-09,2026-02-09,X,O,,,False
420,V922,Thompson Thrift - The Stacks at Wheat Ridge,Additional Saddles per GC direction,1.0,1.0,Red OX,DR,DR,2026-01-06,,X,X,X,X,X,2026-01-06,2026-01-06,X,O,QC Done,,False
420,142,Thompson Thrift - The Stacks at Wheat Ridge,Elevator Hoist Beams,26.952,0.6479999999999999,Primed Finish ,DR,RJA,2025-11-18,,X,X,X,X,X,2025-11-25,2025-11-25,X,MFP,Instal week of 17th,,False
450,169,Marrow - Sandstone Ranch,Custom Sadle Plates CO#5,18.0,0.0,Red Oxide Primed,DR,DCR,2025-12-16,,X,X,X,X,X,2026-03-18,2026-03-18,X,O,NEED CO,"=WORKDAY(Table1[[#This Row],[Projected fab comp]],3,)",True
450,900,Marrow - Sandstone Ranch,Additional Buckets CO #3,3.0,4.5,Red Oxide Primed,DR,DCR,2025-11-03,,X,X,X,X,X,2026-03-18,2026-03-18,X,O,NEED CO,"=WORKDAY(Table1[[#This Row],[Projected fab comp]],3,)",True
190,201,Hinton - Metro Center,Bld 2 Stoop Stringers,133.5267,129.9,Railing Black,GA,DCR,2025-12-17,,X,X,X,X,X,2026-03-18,2026-03-30,X,O,QC Done,"=WORKDAY(Table1[[#This Row],[Projected fab comp]],3,)",True
190,239,Hinton - Metro Center,Bld 2 Level 1 Balcony,8.25,8.25,Railing Black,GA,DCR,2025-12-23,,X,X,X,X,X,2026-01-30,2026-01-30,X,O,QC Done,,False
190,876,Hinton - Metro Center,CO#23 Sidewalk Chase Covers,24.0,0.0, Galvanized,GA,CBA,2025-11-17,,X,X,X,X,X,2026-03-18,2026-03-18,X,O,Shipped to AZZ on 01/15/25,"=WORKDAY(Table1[[#This Row],[Projected fab comp]],3,)",True
190,903,Hinton - Metro Center,Bld 3 Stoop Stringers,45.3024,42.900000000000006,Railing Black,GA,DCR,2025-11-06,,X,X,X,X,X,2026-03-18,2026-03-20,X,MFP,RFI IN for concrete issues,"=WORKDAY(Table1[[#This Row],[Projected fab comp]],3,)",True
190,801,Hinton - Metro Center,Shade Structure B,40.0,72.0,Red Oxide Primed,GA,RJA,2025-09-29,,X,X,X,X,X,2026-03-18,2026-03-24,X,MFP,,"=WORKDAY(Table1[[#This Row],[Projected fab comp]],3,)",True
190,880,Hinton - Metro Center,Dog Park Fence,78.0,78.0,Railing Black,GA,DCR,2025-11-05,,X,X,X,X,X,2026-03-18,2026-03-24,X,MFP,QC Done,"=WORKDAY(Table1[[#This Row],[Projected fab comp]],3,)",True
370,139,Fairfield Development - Vista Highlands,Bld 14 Trash Enclosure Gates,9.0,16.0,Primed Finish ,GA,RJA,2025-11-21,,X,X,X,X,X,2025-12-15,2025-12-16,X,O,QC Done,,False
370,286,Fairfield Development - Vista Highlands,Clubhouse Site Handrails,5.6882,3.5,Railing Black ,GA,RJA,2026-01-14,,X,X,X,X,X,2026-02-03,2026-02-03,X,O,QC Done,,False
370,146,Fairfield Development - Vista Highlands,Trellis B Embeds Dropshipped,1.5,0.0,Raw,GA,CBA,2025-11-20,,X,X,X,X,X,2026-03-18,2026-03-18,X,O,,"=WORKDAY(Table1[[#This Row],[Projected fab comp]],3,)",True
370,785,Fairfield Development - Vista Highlands,Trellis A Embeds Dropshipped,1.75,0.0,RAW,GA,DCR,2025-09-24,,X,X,X,X,X,2026-03-18,,X,O,,"=WORKDAY(Table1[[#This Row],[Projected fab comp]],3,)",True
380,233,Brinkman - Marshall Pointe,Roof Canopy End Channels,1.3776,2.9888999999999997,Red Oxide Primed,GA,RJA,2025-12-22,,X,X,X,X,X,2026-03-18,2026-03-18,X,O,,"=WORKDAY(Table1[[#This Row],[Projected fab comp]],3,)",True
380,266,Brinkman - Marshall Pointe,CMU Embed at Garage Roof Canopy  Replacements,3.5,0.0,Raw Finish ,GA,RJA,2026-01-08,,HOLD,X,X,X,X,2026-03-18,2026-03-18,X,O,No longer needed. ,"=WORKDAY(Table1[[#This Row],[Projected fab comp]],3,)",True
380,268,Brinkman - Marshall Pointe,Shade Sail Posts,6.0,6.0,Railing Black,GA,DCR,2026-01-08,,X,X,X,X,X,2026-03-18,2026-03-18,X,MFP,QC Done,"=WORKDAY(Table1[[#This Row],[Projected fab comp]],3,)",True
380,112,Brinkman - Marshall Pointe,Garage Pipe Protection,16.5,5.5,Powder Coated: Railing Black ,GA,RJA,2025-11-17,,X,X,X,X,X,2026-03-18,2026-03-18,X,MF,QC Done,"=WORKDAY(Table1[[#This Row],[Projected fab comp]],3,)",True
480,668,Wood Partners - Alta Flatirons,Curb Protection,6.0,0.0,Red Oxide Primed,GA,DTS,2025-08-07,,X,X,X,X,X,2026-03-18,2026-03-18,X,O,3 of 6 complete and delivered,"=WORKDAY(Table1[[#This Row],[Projected fab comp]],3,)",True
500,324,Brinkman - Novel Flatiron,Hanging Table Embed,1.0,0.0,RAW,GA,DCR,2026-01-23,,X,X,X,X,X,2026-03-18,2026-03-18,X,O,HOT,"=WORKDAY(Table1[[#This Row],[Projected fab comp]],3,)",True
545,240,RMS - Cabinet & Oil Containment,Cabinet Enclosure,40.0,0.0,Railing Black 38/81009,GA,CBA,2025-12-24,,X,X,X,X,X,2026-02-02,2026-02-02,X,O,QC Done,,False
546,161,Carmel Window Safety Rails,Carmel Window Safety Rails,5.3999999999999995,9.0,Red Oxide Prime,GA,DEP,2026-01-22,,X,X,X,X,X,2026-03-18,2026-03-18,X,O,RED oxide primed,"=WORKDAY(Table1[[#This Row],[Projected fab comp]],3,)",True
999,206,MHMW - Misc Projects ,Aunt Ds Stair Rails,2.0,4.0,Extrusion White ,GA,RJA,2026-01-22,,X,X,X,X,X,2026-03-18,2026-03-18,X,X,,"=WORKDAY(Table1[[#This Row],[Projected fab comp]],3,)",True
170,280,Garrett -Banyan High Point,Bld 4 Southeast Corner Stair Rails,21.625,21.05,Railing Black,RL,DCR,2026-01-12,,X,X,X,X,X,2026-01-28,2026-01-29,X,O,GC called and has TCO sch for 1/30 ,,False
170,295,Garrett -Banyan High Point,Bld 4 East Stair Rail,3.0,3.0,Railing Black,RL,DCR,2026-01-19,,X,X,X,X,X,2026-01-28,2026-01-28,X,O,GC called and has TCO sch for 1/30 ,,False
170,283,Garrett -Banyan High Point,Bld 4 North Ramp Rail,3.125,6.25,Railing Black,RL,DCR,2026-01-12,,X,X,X,X,X,2026-01-28,2026-01-28,X,O,GC called and has TCO sch for 1/30 ,,False
170,827,Garrett -Banyan High Point,Steel Monument Tube,0.5,0.0,Red Oxide Primed,RL,DCR,2025-10-08,,X,X,X,X,X,2025-10-14,2025-10-14,X,O,NEED CO,,False
330,V295,Brinkmann - Aspendale Littleton Senior,Balcony Ultralox Saddles ,1.5,1.5,Factory Black ,RL,RL,2026-01-19,,X,X,X,X,X,2026-01-26,2026-01-26,X,O,Shipped,,False
330,110,Brinkmann - Aspendale Littleton Senior,Balcony Top Saddles,1.5,10.0,Factory Black,RL,DCR,2025-11-10,,X,X,X,X,X,2026-03-18,2026-03-18,X,O,These need to ship with next round of panels ,"=WORKDAY(Table1[[#This Row],[Projected fab comp]],3,)",True
330,593,Brinkmann - Aspendale Littleton Senior,ASI 6 Column Connection Brackets,3.0,2.5,Red Oxide Prime,RL,DTS,2025-07-11,,X,X,X,X,X,2025-07-11,2025-07-11,X,O,NEED CO,,False
330,879,Brinkmann - Aspendale Littleton Senior,Concrete Ultralox Balcony Rails P1 of 3,51.727799999999995,258.4028,Fatory Black,RL,DCR,2025-10-27,,X,X,X,X,X,2026-01-14,2026-02-05,X,MFP,700 of 1000 titans ready to ship,,False
390,215,Thompson Thrift - Heritage on Hover,Bld A West Stair Core,21.25,18.5,Railling Black 38/81009,RL,CBA,2025-12-22,,X,X,X,X,X,2026-01-26,2026-01-27,X,O,"Need to hold 1/26 install   pulido,",,False
390,231,Thompson Thrift - Heritage on Hover,Bld A East Stair Core,21.25,18.5,Railling Black 38/81009,RL,CBA,2025-12-23,,X,X,X,X,X,2026-01-26,2026-01-27,X,O,QC Done,,False
390,V186,Thompson Thrift - Heritage on Hover,Missing Wing ,0.5,0.5,Railing Black ,RL,RL,2026-02-09,,X,X,X,X,X,2026-02-10,2026-02-10,X,O,QC Done,,False
410,V181,Lennar - Columnbine Square,EP4 Embed ,0.5,0.5,Raw,RL,RL,2026-01-20,,X,X,X,X,X,2026-03-18,2026-03-18,X,O,,"=WORKDAY(Table1[[#This Row],[Projected fab comp]],3,)",True
410,V296,Lennar - Columnbine Square,#4 Rebar ,1.0,0.0,RAW,RL,RL,2025-12-01,,X,X,X,X,X,2026-03-18,2026-03-18,X,O,,"=WORKDAY(Table1[[#This Row],[Projected fab comp]],3,)",True
410,V427,Lennar - Columnbine Square,Building 1 column extensions ,1.0,1.5,RAW,RL,RL,2025-11-18,,X,X,X,X,X,2025-11-18,2025-11-18,X,O,,,False
410,V983,Lennar - Columnbine Square,Hold Down Embed Rework/ Rebar add,2.5,0.0,RAW,RL,RL,2025-12-15,,X,X,X,X,X,2025-12-22,2025-12-22,X,O,,,False
440,V766,Evergreen - Outlook Green Valley Ranch,Electrical Cover Plates ,1.5,1.5,Railing Black,RL,RL,2026-01-19,,X,X,X,X,X,2026-03-18,2026-03-18,X,O,HOT,"=WORKDAY(Table1[[#This Row],[Projected fab comp]],3,)",True
440,320,Evergreen - Outlook Green Valley Ranch,Fire Pit Footrest,1.625,1.3,Railing Black,RL,DCR,2026-01-22,,X,X,X,X,X,2026-01-30,2026-01-30,X,O,Waiting for hardware,,False
440,321,Evergreen - Outlook Green Valley Ranch,Fire Pit Top Support,4.5,9.0,Red Oxide Primed,RL,DCR,2026-01-22,,X,X,X,X,X,2026-01-30,2026-01-30,X,O,HOT,,False
440,322,Evergreen - Outlook Green Valley Ranch,Game Bar Top Plates,0.5,0.5,Railing Black,RL,DCR,2026-01-21,,X,X,X,X,X,2026-01-30,2026-01-30,X,O,,,False
440,237,Evergreen - Outlook Green Valley Ranch,Breeze Way Gate,15.375,15.375,Railing Black,RL,DCR,2025-12-23,,X,X,X,X,X,2026-01-14,2026-01-14,X,O,QC Done,,False
440,V471,Evergreen - Outlook Green Valley Ranch,Amenity Steel Splices ,0.5,0.0,RAW ,RL,RL,2025-11-03,,X,X,X,X,X,2026-03-18,2026-03-18,X,O,,"=WORKDAY(Table1[[#This Row],[Projected fab comp]],3,)",True
440,V734,Evergreen - Outlook Green Valley Ranch,R4 Panel ,1.5,0.0,Railing Black ,RL,RL,2026-01-13,,X,X,X,X,X,2026-01-13,2026-01-13,X,O,HOT,,False
440,105,Evergreen - Outlook Green Valley Ranch,Bld 2 Ultralox Remaing Install P1 of 2,6.6787,72.74119999999999,Factory Black,RL,CBA,2025-11-10,,X,X,X,X,X,2026-01-13,2026-01-19,X,MF,Need to hold the 13th as start install,,False
440,160,Evergreen - Outlook Green Valley Ranch,Pool Fence,132.0,132.0,Railing Black,RL,DCR,2025-12-02,,X,X,X,X,X,2025-12-19,2025-12-31,X,0.8,HOT,,False
510,V934,W.E. O'Neill - Idaho Springs Police Dept.,Stiffners/ Plates,1.5,0.0,RAW,RL,DCR,2026-01-09,,X,X,X,X,X,2026-01-14,2026-01-14,X,O,Part Plates ,,False
510,V906,W.E. O'Neill - Idaho Springs Police Dept.,3/4 Anchor Rods (Drop Ship Only),1.5,0.0,Raw ,RL,RL,2025-12-09,,X,X,X,X,X,2026-03-18,2026-03-18,X,O,,"=WORKDAY(Table1[[#This Row],[Projected fab comp]],3,)",True
510,V913,W.E. O'Neill - Idaho Springs Police Dept.,"3/4"" Anchor Rods (24)",1.0,0.0,Spray Galv ,RL,RL,2025-12-10,,X,X,X,X,X,2026-03-18,2026-03-18,X,O,QC Done ,"=WORKDAY(Table1[[#This Row],[Projected fab comp]],3,)",True
540,124,TTRES - The Quarry,Compactor Shading,8.0,16.0,Red Oxide Primed,RL,CBA,2025-12-02,,X,X,X,X,X,2025-01-14,2025-01-15,X,O,QC Done,,False
900,185,Arlington - Velo Interlocken,Bld 5 Exterior Stair Rail,16.875,16.3,Red Oxide Primed,RL,DCR,2025-12-05,,X,X,X,X,X,2026-01-19,2026-01-20,X,O,QC Done,,False
900,192,Arlington - Velo Interlocken,Bld 6 Exterior Stair Rail,17.402,16.7,Red Oxide Primed,RL,DCR,2026-01-05,,X,X,X,X,X,2026-01-19,2026-01-20,X,O,,,False
900,165,Arlington - Velo Interlocken,12in Return Loops Bld 3-6,8.0,10.0,Red Oxide Primed,RL,DCR,2025-12-02,,X,X,X,X,X,2026-03-18,2026-03-18,X,O,NEED CO,"=WORKDAY(Table1[[#This Row],[Projected fab comp]],3,)",True
900,171,Arlington - Velo Interlocken,Bld 1 Interior Step Rail,2.5,2.0,Red Oxide Primed,RL,DCR,2025-12-03,,X,X,X,X,X,2025-12-10,2025-12-10,X,O,NEED CO,,False
900,172,Arlington - Velo Interlocken,Bld 2 Interior Step Rail,2.5,2.0,Red Oxide Primed,RL,DCR,2025-12-03,,X,X,X,X,X,2025-12-17,2025-12-17,X,O,NEED CO,,False
900,179,Arlington - Velo Interlocken,Bld 3 Interior Step Rail,2.5,2.0,Red Oxide Primed,RL,DCR,2025-12-04,,X,X,X,X,X,2026-03-18,2026-03-18,X,O,NEED CO,"=WORKDAY(Table1[[#This Row],[Projected fab comp]],3,)",True
900,180,Arlington - Velo Interlocken,Bld 4 Interior Step Rail,2.5,2.0,Red Oxide Primed,RL,DCR,2025-12-04,,X,X,X,X,X,2026-03-18,2026-03-18,X,O,QC Done,"=WORKDAY(Table1[[#This Row],[Projected fab comp]],3,)",True
900,182,Arlington - Velo Interlocken,Bld 5 Interior Step Rail,2.5,2.0,Red Oxide Primed,RL,DCR,2025-12-04,,X,X,X,X,X,2026-03-18,2026-03-18,X,O,QC Done,"=WORKDAY(Table1[[#This Row],[Projected fab comp]],3,)",True
900,183,Arlington - Velo Interlocken,Bld 6 Interior Step Rail,2.5,2.0,Red Oxide Primed,RL,DCR,2025-12-04,,X,X,X,X,X,2026-03-18,2026-03-18,X,O,QC Done,"=WORKDAY(Table1[[#This Row],[Projected fab comp]],3,)",True
900,198,Arlington - Velo Interlocken,Juliet Top Extensions,2.0,1.0,Railing Black,RL,DCR,2025-12-10,,X,X,X,X,X,2026-03-18,2026-03-18,X,O,NEED CO,"=WORKDAY(Table1[[#This Row],[Projected fab comp]],3,)",True
900,517,Arlington - Velo Interlocken,Maintenance Shed Rail,2.5,1.0,Railing Black,RL,DCR,2025-06-12,,X,X,X,X,X,2026-03-18,2026-03-18,X,O,NEED CO,"=WORKDAY(Table1[[#This Row],[Projected fab comp]],3,)",True
900,884,Arlington - Velo Interlocken,Bld 3 Eastside Stair Rail,19.6875,18.9,Red Oxide Primed,RL,DCR,2025-11-05,,X,X,X,X,X,2026-03-18,2026-03-19,X,O,NEED CO,"=WORKDAY(Table1[[#This Row],[Projected fab comp]],3,)",True
900,889,Arlington - Velo Interlocken,Bld 3 Westside Stair Rail,9.5,8.85,Red Oxide Primed,RL,DCR,2025-11-05,,X,X,X,X,X,1900-01-04,1900-01-04,X,O,NEED CO,"=WORKDAY(Table1[[#This Row],[Projected fab comp]],3,)",True
900,V811,Arlington - Velo Interlocken,"Replacement Panel at 42""",1.5,0.5,Red Oxide Prime ,RL,RL,2025-12-16,,X,X,X,X,X,1900-01-04,1900-01-04,X,O,NEED CO,"=WORKDAY(Table1[[#This Row],[Projected fab comp]],3,)",True
900,V916,Arlington - Velo Interlocken,Diamond Plates 4' X 8' Sheets ,1.0,0.0,RAW,RL,RL,2025-12-10,,X,X,X,X,X,1900-01-04,1900-01-04,X,O,NEED CO,"=WORKDAY(Table1[[#This Row],[Projected fab comp]],3,)",True
900,408,Arlington - Velo Interlocken,Standpipe Protection,75.0,60.0,Red Oxide Primed,RL,DCR,2025-05-05,,X,X,X,X,X,1900-01-04,1900-01-09,X,0.9,Building 6/ Ready to install ,"=WORKDAY(Table1[[#This Row],[Projected fab comp]],3,)",True
999,152,Saddleback Simulator Rail,Saddleback Simulator Rail.pd,11.25,11.25,Railing Black,RL,DEP,2025-12-02,,X,X,X,X,X,1900-01-04,1900-01-04,X,O,{Need Pricing 12/25},"=WORKDAY(Table1[[#This Row],[Projected fab comp]],3,)",True
570,303,Superior Decks Install,WeisB18 Railing install,0.0,21.9173,Factory Black,WDO,WDO,2026-01-19,,X,X,X,X,X,1900-01-04,1900-01-05,X,O,,"=WORKDAY(Table1[[#This Row],[Projected fab comp]],3,)",True
